precision,recall,f1,hashcode
0.852976561,0.845977128,0.849462509,roberta-large_L17_no-idf_version=0.3.10(hug_trans=4.10.2)
0.858243227,0.853980482,0.85610652,roberta-large_L17_no-idf_version=0.3.10(hug_trans=4.10.2)
0.966536522,0.893118858,0.928378463,roberta-large_L17_no-idf_version=0.3.10(hug_trans=4.10.2)
0.834405065,0.842929423,0.838645577,roberta-large_L17_no-idf_version=0.3.10(hug_trans=4.10.2)
0.849042058,0.843002081,0.846011281,roberta-large_L17_no-idf_version=0.3.10(hug_trans=4.10.2)
0.829885364,0.838692069,0.834265471,roberta-large_L17_no-idf_version=0.3.10(hug_trans=4.10.2)
0.884045124,0.865932822,0.874895215,roberta-large_L17_no-idf_version=0.3.10(hug_trans=4.10.2)
0.855682671,0.848567843,0.852110386,roberta-large_L17_no-idf_version=0.3.10(hug_trans=4.10.2)
0.846506774,0.850793898,0.848644912,roberta-large_L17_no-idf_version=0.3.10(hug_trans=4.10.2)
0.883596897,0.87154448,0.877529263,roberta-large_L17_no-idf_version=0.3.10(hug_trans=4.10.2)
0.966536522,0.893118858,0.928378463,roberta-large_L17_no-idf_version=0.3.10(hug_trans=4.10.2)
0.863420606,0.850420594,0.856871307,roberta-large_L17_no-idf_version=0.3.10(hug_trans=4.10.2)
0.939581454,0.88517642,0.911567867,roberta-large_L17_no-idf_version=0.3.10(hug_trans=4.10.2)
0.8466236,0.840464711,0.843532979,roberta-large_L17_no-idf_version=0.3.10(hug_trans=4.10.2)
0.881709456,0.845620871,0.863288164,roberta-large_L17_no-idf_version=0.3.10(hug_trans=4.10.2)
0.881604552,0.852106154,0.866604328,roberta-large_L17_no-idf_version=0.3.10(hug_trans=4.10.2)
0.859212875,0.851771235,0.855475903,roberta-large_L17_no-idf_version=0.3.10(hug_trans=4.10.2)
0.845363259,0.845252991,0.845308125,roberta-large_L17_no-idf_version=0.3.10(hug_trans=4.10.2)
0.876582026,0.858432531,0.867412329,roberta-large_L17_no-idf_version=0.3.10(hug_trans=4.10.2)
0.928763032,0.863042653,0.894697607,roberta-large_L17_no-idf_version=0.3.10(hug_trans=4.10.2)
0.892847896,0.865310609,0.878863633,roberta-large_L17_no-idf_version=0.3.10(hug_trans=4.10.2)
0.872270882,0.854766846,0.863430202,roberta-large_L17_no-idf_version=0.3.10(hug_trans=4.10.2)
0.867067516,0.853345811,0.860151947,roberta-large_L17_no-idf_version=0.3.10(hug_trans=4.10.2)
0.892476082,0.871257007,0.881738842,roberta-large_L17_no-idf_version=0.3.10(hug_trans=4.10.2)
0.874882221,0.855024815,0.864839494,roberta-large_L17_no-idf_version=0.3.10(hug_trans=4.10.2)
0.855479479,0.83630532,0.84578371,roberta-large_L17_no-idf_version=0.3.10(hug_trans=4.10.2)
0.863265872,0.850971818,0.857074738,roberta-large_L17_no-idf_version=0.3.10(hug_trans=4.10.2)
0.86753124,0.856297731,0.861877859,roberta-large_L17_no-idf_version=0.3.10(hug_trans=4.10.2)
0.871750355,0.854354799,0.862964928,roberta-large_L17_no-idf_version=0.3.10(hug_trans=4.10.2)
0.919658601,0.84354943,0.879961431,roberta-large_L17_no-idf_version=0.3.10(hug_trans=4.10.2)
0.856084049,0.831974387,0.84385705,roberta-large_L17_no-idf_version=0.3.10(hug_trans=4.10.2)
0.88146168,0.851960778,0.866460145,roberta-large_L17_no-idf_version=0.3.10(hug_trans=4.10.2)
0.888630986,0.843303323,0.865374029,roberta-large_L17_no-idf_version=0.3.10(hug_trans=4.10.2)
0.899626017,0.84150672,0.869596362,roberta-large_L17_no-idf_version=0.3.10(hug_trans=4.10.2)
0.891909778,0.874536932,0.883137882,roberta-large_L17_no-idf_version=0.3.10(hug_trans=4.10.2)
0.881794035,0.844098985,0.862534881,roberta-large_L17_no-idf_version=0.3.10(hug_trans=4.10.2)
0.903188944,0.869961441,0.886263847,roberta-large_L17_no-idf_version=0.3.10(hug_trans=4.10.2)
0.96076417,0.877472639,0.917231441,roberta-large_L17_no-idf_version=0.3.10(hug_trans=4.10.2)
0.96076417,0.877472639,0.917231441,roberta-large_L17_no-idf_version=0.3.10(hug_trans=4.10.2)
0.842867136,0.832382619,0.837592065,roberta-large_L17_no-idf_version=0.3.10(hug_trans=4.10.2)
0.871507466,0.883080184,0.877255678,roberta-large_L17_no-idf_version=0.3.10(hug_trans=4.10.2)
0.969451725,0.896863997,0.931746304,roberta-large_L17_no-idf_version=0.3.10(hug_trans=4.10.2)
0.857025981,0.845803559,0.851377785,roberta-large_L17_no-idf_version=0.3.10(hug_trans=4.10.2)
0.870170951,0.863890767,0.867019475,roberta-large_L17_no-idf_version=0.3.10(hug_trans=4.10.2)
0.884156346,0.854945421,0.869305611,roberta-large_L17_no-idf_version=0.3.10(hug_trans=4.10.2)
0.877538741,0.852209866,0.864688873,roberta-large_L17_no-idf_version=0.3.10(hug_trans=4.10.2)
0.879408658,0.859954953,0.869572937,roberta-large_L17_no-idf_version=0.3.10(hug_trans=4.10.2)
0.969451725,0.896863997,0.931746304,roberta-large_L17_no-idf_version=0.3.10(hug_trans=4.10.2)
0.969451725,0.896863997,0.931746304,roberta-large_L17_no-idf_version=0.3.10(hug_trans=4.10.2)
0.852422774,0.857740462,0.855073333,roberta-large_L17_no-idf_version=0.3.10(hug_trans=4.10.2)
0.90384376,0.863584936,0.883255839,roberta-large_L17_no-idf_version=0.3.10(hug_trans=4.10.2)
0.844813287,0.850539565,0.84766674,roberta-large_L17_no-idf_version=0.3.10(hug_trans=4.10.2)
0.890186608,0.867593646,0.87874496,roberta-large_L17_no-idf_version=0.3.10(hug_trans=4.10.2)
0.847367764,0.844809353,0.846086681,roberta-large_L17_no-idf_version=0.3.10(hug_trans=4.10.2)
0.818953753,0.834079385,0.826447368,roberta-large_L17_no-idf_version=0.3.10(hug_trans=4.10.2)
0.891116738,0.879912734,0.885479271,roberta-large_L17_no-idf_version=0.3.10(hug_trans=4.10.2)
0.894094825,0.858227372,0.875794053,roberta-large_L17_no-idf_version=0.3.10(hug_trans=4.10.2)
0.865447283,0.857456088,0.861433148,roberta-large_L17_no-idf_version=0.3.10(hug_trans=4.10.2)
0.870594561,0.853120744,0.86176908,roberta-large_L17_no-idf_version=0.3.10(hug_trans=4.10.2)
0.858988106,0.853082776,0.856025219,roberta-large_L17_no-idf_version=0.3.10(hug_trans=4.10.2)
0.881725371,0.85349977,0.867382944,roberta-large_L17_no-idf_version=0.3.10(hug_trans=4.10.2)
0.887284696,0.857490778,0.872133315,roberta-large_L17_no-idf_version=0.3.10(hug_trans=4.10.2)
0.857493937,0.848944306,0.853197634,roberta-large_L17_no-idf_version=0.3.10(hug_trans=4.10.2)
0.867741108,0.84781009,0.857659876,roberta-large_L17_no-idf_version=0.3.10(hug_trans=4.10.2)
0.856070638,0.859257281,0.857660949,roberta-large_L17_no-idf_version=0.3.10(hug_trans=4.10.2)
0.872520208,0.865608513,0.869050682,roberta-large_L17_no-idf_version=0.3.10(hug_trans=4.10.2)
0.866498053,0.860469699,0.863473356,roberta-large_L17_no-idf_version=0.3.10(hug_trans=4.10.2)
0.880555093,0.856113911,0.868162513,roberta-large_L17_no-idf_version=0.3.10(hug_trans=4.10.2)
0.875474453,0.866769314,0.871100128,roberta-large_L17_no-idf_version=0.3.10(hug_trans=4.10.2)
0.868355274,0.852697492,0.860455155,roberta-large_L17_no-idf_version=0.3.10(hug_trans=4.10.2)
0.900653362,0.851130843,0.875192106,roberta-large_L17_no-idf_version=0.3.10(hug_trans=4.10.2)
0.900653362,0.851130843,0.875192106,roberta-large_L17_no-idf_version=0.3.10(hug_trans=4.10.2)
0.885684252,0.862708569,0.874045432,roberta-large_L17_no-idf_version=0.3.10(hug_trans=4.10.2)
0.891213238,0.85679704,0.873666286,roberta-large_L17_no-idf_version=0.3.10(hug_trans=4.10.2)
0.889372945,0.872271121,0.880739033,roberta-large_L17_no-idf_version=0.3.10(hug_trans=4.10.2)
0.875845671,0.861781538,0.868756652,roberta-large_L17_no-idf_version=0.3.10(hug_trans=4.10.2)
0.934131265,0.867636442,0.899656832,roberta-large_L17_no-idf_version=0.3.10(hug_trans=4.10.2)
0.904342055,0.868941605,0.886288404,roberta-large_L17_no-idf_version=0.3.10(hug_trans=4.10.2)
0.841157973,0.854924083,0.847985148,roberta-large_L17_no-idf_version=0.3.10(hug_trans=4.10.2)
0.902137399,0.883119881,0.892527342,roberta-large_L17_no-idf_version=0.3.10(hug_trans=4.10.2)
0.883696616,0.863779783,0.873624682,roberta-large_L17_no-idf_version=0.3.10(hug_trans=4.10.2)
0.847307444,0.84943074,0.848367751,roberta-large_L17_no-idf_version=0.3.10(hug_trans=4.10.2)
0.883239627,0.877066731,0.880142391,roberta-large_L17_no-idf_version=0.3.10(hug_trans=4.10.2)
0.853200138,0.858665824,0.855924308,roberta-large_L17_no-idf_version=0.3.10(hug_trans=4.10.2)
0.935650349,0.870218217,0.901748836,roberta-large_L17_no-idf_version=0.3.10(hug_trans=4.10.2)
0.838408113,0.856585979,0.847399533,roberta-large_L17_no-idf_version=0.3.10(hug_trans=4.10.2)
0.912931681,0.868137836,0.889971495,roberta-large_L17_no-idf_version=0.3.10(hug_trans=4.10.2)
0.870839596,0.866547883,0.868688464,roberta-large_L17_no-idf_version=0.3.10(hug_trans=4.10.2)
0.895547748,0.848199487,0.871230781,roberta-large_L17_no-idf_version=0.3.10(hug_trans=4.10.2)
0.881402969,0.859502792,0.870315135,roberta-large_L17_no-idf_version=0.3.10(hug_trans=4.10.2)
0.88299799,0.865678787,0.874252617,roberta-large_L17_no-idf_version=0.3.10(hug_trans=4.10.2)
0.87370491,0.873713851,0.873709381,roberta-large_L17_no-idf_version=0.3.10(hug_trans=4.10.2)
0.882536411,0.875371337,0.878939271,roberta-large_L17_no-idf_version=0.3.10(hug_trans=4.10.2)
0.879980743,0.877154768,0.87856549,roberta-large_L17_no-idf_version=0.3.10(hug_trans=4.10.2)
0.883792818,0.878056288,0.880915165,roberta-large_L17_no-idf_version=0.3.10(hug_trans=4.10.2)
0.865912735,0.861634552,0.863768339,roberta-large_L17_no-idf_version=0.3.10(hug_trans=4.10.2)
0.885632396,0.858498633,0.871854424,roberta-large_L17_no-idf_version=0.3.10(hug_trans=4.10.2)
0.885033667,0.874736905,0.879855096,roberta-large_L17_no-idf_version=0.3.10(hug_trans=4.10.2)
0.855931759,0.852366686,0.854145467,roberta-large_L17_no-idf_version=0.3.10(hug_trans=4.10.2)
0.889347732,0.845880926,0.8670699,roberta-large_L17_no-idf_version=0.3.10(hug_trans=4.10.2)
0.986769021,0.927056909,0.955981433,roberta-large_L17_no-idf_version=0.3.10(hug_trans=4.10.2)
0.859084249,0.873528838,0.866246343,roberta-large_L17_no-idf_version=0.3.10(hug_trans=4.10.2)
0.883313119,0.860267282,0.87163794,roberta-large_L17_no-idf_version=0.3.10(hug_trans=4.10.2)
0.872543156,0.865595102,0.869055331,roberta-large_L17_no-idf_version=0.3.10(hug_trans=4.10.2)
0.872543156,0.865595102,0.869055331,roberta-large_L17_no-idf_version=0.3.10(hug_trans=4.10.2)
0.874476671,0.870860159,0.87266469,roberta-large_L17_no-idf_version=0.3.10(hug_trans=4.10.2)
0.88118732,0.854621589,0.867701173,roberta-large_L17_no-idf_version=0.3.10(hug_trans=4.10.2)
0.876254559,0.858557343,0.86731571,roberta-large_L17_no-idf_version=0.3.10(hug_trans=4.10.2)
0.886734545,0.884607077,0.885669589,roberta-large_L17_no-idf_version=0.3.10(hug_trans=4.10.2)
0.878306091,0.887095451,0.882678866,roberta-large_L17_no-idf_version=0.3.10(hug_trans=4.10.2)
0.889657617,0.861509204,0.875357151,roberta-large_L17_no-idf_version=0.3.10(hug_trans=4.10.2)
0.891457915,0.867648244,0.879391968,roberta-large_L17_no-idf_version=0.3.10(hug_trans=4.10.2)
0.889866292,0.866496623,0.878025949,roberta-large_L17_no-idf_version=0.3.10(hug_trans=4.10.2)
0.886900306,0.871773422,0.879271865,roberta-large_L17_no-idf_version=0.3.10(hug_trans=4.10.2)
0.878030598,0.871271968,0.8746382,roberta-large_L17_no-idf_version=0.3.10(hug_trans=4.10.2)
0.892910719,0.874430537,0.883574009,roberta-large_L17_no-idf_version=0.3.10(hug_trans=4.10.2)
0.90092051,0.885198474,0.892990291,roberta-large_L17_no-idf_version=0.3.10(hug_trans=4.10.2)
0.887867868,0.879666328,0.883748055,roberta-large_L17_no-idf_version=0.3.10(hug_trans=4.10.2)
0.819470465,0.840491354,0.829847813,roberta-large_L17_no-idf_version=0.3.10(hug_trans=4.10.2)
0.832319796,0.843753278,0.837997496,roberta-large_L17_no-idf_version=0.3.10(hug_trans=4.10.2)
0.871435046,0.856814981,0.864063203,roberta-large_L17_no-idf_version=0.3.10(hug_trans=4.10.2)
0.879440427,0.860815585,0.870028317,roberta-large_L17_no-idf_version=0.3.10(hug_trans=4.10.2)
0.893871069,0.853047013,0.872982025,roberta-large_L17_no-idf_version=0.3.10(hug_trans=4.10.2)
0.861548305,0.857903123,0.859721839,roberta-large_L17_no-idf_version=0.3.10(hug_trans=4.10.2)
0.922090232,0.876629472,0.898785412,roberta-large_L17_no-idf_version=0.3.10(hug_trans=4.10.2)
0.869666219,0.866699934,0.868180573,roberta-large_L17_no-idf_version=0.3.10(hug_trans=4.10.2)
0.883391142,0.861694932,0.872408152,roberta-large_L17_no-idf_version=0.3.10(hug_trans=4.10.2)
0.893599272,0.850692213,0.871618032,roberta-large_L17_no-idf_version=0.3.10(hug_trans=4.10.2)
0.879968584,0.859695077,0.869713724,roberta-large_L17_no-idf_version=0.3.10(hug_trans=4.10.2)
0.90007484,0.864234209,0.881790519,roberta-large_L17_no-idf_version=0.3.10(hug_trans=4.10.2)
0.920313597,0.881495118,0.900486171,roberta-large_L17_no-idf_version=0.3.10(hug_trans=4.10.2)
0.922083795,0.879590154,0.900335908,roberta-large_L17_no-idf_version=0.3.10(hug_trans=4.10.2)
0.875913143,0.857080877,0.866394699,roberta-large_L17_no-idf_version=0.3.10(hug_trans=4.10.2)
0.857372761,0.855610311,0.856490552,roberta-large_L17_no-idf_version=0.3.10(hug_trans=4.10.2)
0.878985524,0.861623526,0.870217919,roberta-large_L17_no-idf_version=0.3.10(hug_trans=4.10.2)
0.888555467,0.880205333,0.884360731,roberta-large_L17_no-idf_version=0.3.10(hug_trans=4.10.2)
0.915521502,0.901084244,0.908245504,roberta-large_L17_no-idf_version=0.3.10(hug_trans=4.10.2)
0.884516537,0.884170055,0.884343266,roberta-large_L17_no-idf_version=0.3.10(hug_trans=4.10.2)
0.892111182,0.879562736,0.885792494,roberta-large_L17_no-idf_version=0.3.10(hug_trans=4.10.2)
0.878121197,0.871118605,0.874605894,roberta-large_L17_no-idf_version=0.3.10(hug_trans=4.10.2)
0.828849554,0.864866018,0.846474826,roberta-large_L17_no-idf_version=0.3.10(hug_trans=4.10.2)
0.862211406,0.883521914,0.872736573,roberta-large_L17_no-idf_version=0.3.10(hug_trans=4.10.2)
0.847864449,0.869345725,0.858470678,roberta-large_L17_no-idf_version=0.3.10(hug_trans=4.10.2)
0.877489209,0.891370773,0.884375513,roberta-large_L17_no-idf_version=0.3.10(hug_trans=4.10.2)
0.88602531,0.898926139,0.892429113,roberta-large_L17_no-idf_version=0.3.10(hug_trans=4.10.2)
0.866495371,0.884424984,0.875368416,roberta-large_L17_no-idf_version=0.3.10(hug_trans=4.10.2)
0.900125861,0.890129745,0.895099938,roberta-large_L17_no-idf_version=0.3.10(hug_trans=4.10.2)
0.912703574,0.900795102,0.906710207,roberta-large_L17_no-idf_version=0.3.10(hug_trans=4.10.2)
0.871637881,0.877218306,0.874419212,roberta-large_L17_no-idf_version=0.3.10(hug_trans=4.10.2)
0.8722651,0.872410655,0.872337878,roberta-large_L17_no-idf_version=0.3.10(hug_trans=4.10.2)
0.871641159,0.872461915,0.872051358,roberta-large_L17_no-idf_version=0.3.10(hug_trans=4.10.2)
0.872205019,0.877668619,0.874928296,roberta-large_L17_no-idf_version=0.3.10(hug_trans=4.10.2)
0.846239805,0.866873503,0.856432378,roberta-large_L17_no-idf_version=0.3.10(hug_trans=4.10.2)
0.893581212,0.891984701,0.892782271,roberta-large_L17_no-idf_version=0.3.10(hug_trans=4.10.2)
0.908426881,0.887656212,0.897921443,roberta-large_L17_no-idf_version=0.3.10(hug_trans=4.10.2)
0.88362515,0.852842033,0.867960751,roberta-large_L17_no-idf_version=0.3.10(hug_trans=4.10.2)
0.94546628,0.902549207,0.923509359,roberta-large_L17_no-idf_version=0.3.10(hug_trans=4.10.2)
0.894831538,0.874175906,0.884383082,roberta-large_L17_no-idf_version=0.3.10(hug_trans=4.10.2)
0.909202933,0.88673389,0.897827864,roberta-large_L17_no-idf_version=0.3.10(hug_trans=4.10.2)
0.834995329,0.844379008,0.839661002,roberta-large_L17_no-idf_version=0.3.10(hug_trans=4.10.2)
0.876122952,0.876515269,0.876319051,roberta-large_L17_no-idf_version=0.3.10(hug_trans=4.10.2)
0.847687125,0.858108163,0.852865756,roberta-large_L17_no-idf_version=0.3.10(hug_trans=4.10.2)
0.837668955,0.847779274,0.842693865,roberta-large_L17_no-idf_version=0.3.10(hug_trans=4.10.2)
0.84353435,0.850422502,0.846964478,roberta-large_L17_no-idf_version=0.3.10(hug_trans=4.10.2)
0.859101117,0.860500038,0.859800041,roberta-large_L17_no-idf_version=0.3.10(hug_trans=4.10.2)
0.882730603,0.879699528,0.881212473,roberta-large_L17_no-idf_version=0.3.10(hug_trans=4.10.2)
0.977032781,0.91432482,0.944639266,roberta-large_L17_no-idf_version=0.3.10(hug_trans=4.10.2)
0.909562886,0.87962091,0.89434129,roberta-large_L17_no-idf_version=0.3.10(hug_trans=4.10.2)
0.872105896,0.861949146,0.866997778,roberta-large_L17_no-idf_version=0.3.10(hug_trans=4.10.2)
0.852178752,0.860110164,0.85612613,roberta-large_L17_no-idf_version=0.3.10(hug_trans=4.10.2)
0.877601802,0.872682691,0.875135362,roberta-large_L17_no-idf_version=0.3.10(hug_trans=4.10.2)
0.815217078,0.85339278,0.833868206,roberta-large_L17_no-idf_version=0.3.10(hug_trans=4.10.2)
0.872619152,0.862573981,0.867567539,roberta-large_L17_no-idf_version=0.3.10(hug_trans=4.10.2)
0.940092742,0.883651137,0.910998642,roberta-large_L17_no-idf_version=0.3.10(hug_trans=4.10.2)
0.897633314,0.882804155,0.890156925,roberta-large_L17_no-idf_version=0.3.10(hug_trans=4.10.2)
0.870494306,0.882324219,0.876369298,roberta-large_L17_no-idf_version=0.3.10(hug_trans=4.10.2)
0.873334587,0.88246423,0.877875626,roberta-large_L17_no-idf_version=0.3.10(hug_trans=4.10.2)
0.882453263,0.874838948,0.878629565,roberta-large_L17_no-idf_version=0.3.10(hug_trans=4.10.2)
0.871612072,0.874886453,0.873246193,roberta-large_L17_no-idf_version=0.3.10(hug_trans=4.10.2)
0.867103934,0.874459088,0.870765924,roberta-large_L17_no-idf_version=0.3.10(hug_trans=4.10.2)
0.864267349,0.887666583,0.875810683,roberta-large_L17_no-idf_version=0.3.10(hug_trans=4.10.2)
0.962507904,0.88219893,0.920605302,roberta-large_L17_no-idf_version=0.3.10(hug_trans=4.10.2)
0.914461732,0.880037606,0.896919429,roberta-large_L17_no-idf_version=0.3.10(hug_trans=4.10.2)
0.884727955,0.868317008,0.876445711,roberta-large_L17_no-idf_version=0.3.10(hug_trans=4.10.2)
0.8850317,0.880569458,0.882794917,roberta-large_L17_no-idf_version=0.3.10(hug_trans=4.10.2)
0.920589685,0.884073257,0.901961982,roberta-large_L17_no-idf_version=0.3.10(hug_trans=4.10.2)
0.873523474,0.873859882,0.873691678,roberta-large_L17_no-idf_version=0.3.10(hug_trans=4.10.2)
0.890685558,0.880647063,0.88563782,roberta-large_L17_no-idf_version=0.3.10(hug_trans=4.10.2)
0.871578097,0.876652181,0.874107838,roberta-large_L17_no-idf_version=0.3.10(hug_trans=4.10.2)
0.909242094,0.88578999,0.897362888,roberta-large_L17_no-idf_version=0.3.10(hug_trans=4.10.2)
0.890953422,0.880632758,0.88576299,roberta-large_L17_no-idf_version=0.3.10(hug_trans=4.10.2)
0.903022826,0.887993991,0.895445406,roberta-large_L17_no-idf_version=0.3.10(hug_trans=4.10.2)
0.893124998,0.880263448,0.886647582,roberta-large_L17_no-idf_version=0.3.10(hug_trans=4.10.2)
0.918123484,0.89985168,0.908895791,roberta-large_L17_no-idf_version=0.3.10(hug_trans=4.10.2)
0.954179049,0.900707543,0.926672637,roberta-large_L17_no-idf_version=0.3.10(hug_trans=4.10.2)
0.894928098,0.889923275,0.892418742,roberta-large_L17_no-idf_version=0.3.10(hug_trans=4.10.2)
0.882047355,0.861667812,0.871738493,roberta-large_L17_no-idf_version=0.3.10(hug_trans=4.10.2)
0.876634777,0.86306262,0.86979574,roberta-large_L17_no-idf_version=0.3.10(hug_trans=4.10.2)
0.858929336,0.849143624,0.854008496,roberta-large_L17_no-idf_version=0.3.10(hug_trans=4.10.2)
0.885721207,0.859388828,0.872356355,roberta-large_L17_no-idf_version=0.3.10(hug_trans=4.10.2)
0.889836669,0.841498017,0.864992559,roberta-large_L17_no-idf_version=0.3.10(hug_trans=4.10.2)
0.887894094,0.85011518,0.86859405,roberta-large_L17_no-idf_version=0.3.10(hug_trans=4.10.2)
0.885292649,0.860786974,0.872867823,roberta-large_L17_no-idf_version=0.3.10(hug_trans=4.10.2)
0.872113109,0.843214154,0.857420206,roberta-large_L17_no-idf_version=0.3.10(hug_trans=4.10.2)
0.90257144,0.864944935,0.883357704,roberta-large_L17_no-idf_version=0.3.10(hug_trans=4.10.2)
0.88181448,0.844963193,0.862995625,roberta-large_L17_no-idf_version=0.3.10(hug_trans=4.10.2)
0.855312467,0.868961096,0.862082779,roberta-large_L17_no-idf_version=0.3.10(hug_trans=4.10.2)
0.879356563,0.848777533,0.863796413,roberta-large_L17_no-idf_version=0.3.10(hug_trans=4.10.2)
0.865549684,0.860839725,0.863188267,roberta-large_L17_no-idf_version=0.3.10(hug_trans=4.10.2)
0.864618003,0.851101995,0.857806802,roberta-large_L17_no-idf_version=0.3.10(hug_trans=4.10.2)
0.864618003,0.851101995,0.857806802,roberta-large_L17_no-idf_version=0.3.10(hug_trans=4.10.2)
0.902441978,0.851466775,0.87621361,roberta-large_L17_no-idf_version=0.3.10(hug_trans=4.10.2)
0.856375277,0.841816723,0.849033594,roberta-large_L17_no-idf_version=0.3.10(hug_trans=4.10.2)
0.853318453,0.8795228,0.866222501,roberta-large_L17_no-idf_version=0.3.10(hug_trans=4.10.2)
0.865632892,0.881870806,0.87367636,roberta-large_L17_no-idf_version=0.3.10(hug_trans=4.10.2)
0.834694922,0.89914465,0.865721941,roberta-large_L17_no-idf_version=0.3.10(hug_trans=4.10.2)
0.870334446,0.896581948,0.88326323,roberta-large_L17_no-idf_version=0.3.10(hug_trans=4.10.2)
0.878831625,0.896875322,0.887761772,roberta-large_L17_no-idf_version=0.3.10(hug_trans=4.10.2)
0.868406713,0.893275976,0.880665779,roberta-large_L17_no-idf_version=0.3.10(hug_trans=4.10.2)
0.879422009,0.900044918,0.889613986,roberta-large_L17_no-idf_version=0.3.10(hug_trans=4.10.2)
0.837121844,0.888858438,0.862214744,roberta-large_L17_no-idf_version=0.3.10(hug_trans=4.10.2)
0.867490292,0.891852975,0.879502952,roberta-large_L17_no-idf_version=0.3.10(hug_trans=4.10.2)
0.871139765,0.879140675,0.875122011,roberta-large_L17_no-idf_version=0.3.10(hug_trans=4.10.2)
0.895383537,0.902228296,0.898792863,roberta-large_L17_no-idf_version=0.3.10(hug_trans=4.10.2)
0.870919585,0.888990164,0.87986213,roberta-large_L17_no-idf_version=0.3.10(hug_trans=4.10.2)
0.865663052,0.882538259,0.874019146,roberta-large_L17_no-idf_version=0.3.10(hug_trans=4.10.2)
0.865479708,0.875598848,0.870509863,roberta-large_L17_no-idf_version=0.3.10(hug_trans=4.10.2)
0.8800143,0.892790079,0.886356115,roberta-large_L17_no-idf_version=0.3.10(hug_trans=4.10.2)
0.884357929,0.897170246,0.890717983,roberta-large_L17_no-idf_version=0.3.10(hug_trans=4.10.2)
0.870580316,0.892165601,0.881240845,roberta-large_L17_no-idf_version=0.3.10(hug_trans=4.10.2)
0.871905446,0.883507729,0.877668262,roberta-large_L17_no-idf_version=0.3.10(hug_trans=4.10.2)
0.863196075,0.878176987,0.870622098,roberta-large_L17_no-idf_version=0.3.10(hug_trans=4.10.2)
0.877843261,0.888971329,0.883372247,roberta-large_L17_no-idf_version=0.3.10(hug_trans=4.10.2)
0.843446672,0.853264213,0.8483271,roberta-large_L17_no-idf_version=0.3.10(hug_trans=4.10.2)
0.865095675,0.858103216,0.861585259,roberta-large_L17_no-idf_version=0.3.10(hug_trans=4.10.2)
0.860682309,0.872000217,0.866304338,roberta-large_L17_no-idf_version=0.3.10(hug_trans=4.10.2)
0.973191321,0.912131071,0.941672444,roberta-large_L17_no-idf_version=0.3.10(hug_trans=4.10.2)
0.829798281,0.851271868,0.840397954,roberta-large_L17_no-idf_version=0.3.10(hug_trans=4.10.2)
0.852747023,0.860462487,0.85658741,roberta-large_L17_no-idf_version=0.3.10(hug_trans=4.10.2)
0.876488507,0.875471175,0.875979543,roberta-large_L17_no-idf_version=0.3.10(hug_trans=4.10.2)
0.883087277,0.869034171,0.876004398,roberta-large_L17_no-idf_version=0.3.10(hug_trans=4.10.2)
0.866147578,0.864113212,0.865129173,roberta-large_L17_no-idf_version=0.3.10(hug_trans=4.10.2)
0.972595572,0.911462367,0.941037118,roberta-large_L17_no-idf_version=0.3.10(hug_trans=4.10.2)
0.868297219,0.860518038,0.864390075,roberta-large_L17_no-idf_version=0.3.10(hug_trans=4.10.2)
0.851822019,0.856049657,0.853930652,roberta-large_L17_no-idf_version=0.3.10(hug_trans=4.10.2)
0.8515324,0.862656474,0.857058346,roberta-large_L17_no-idf_version=0.3.10(hug_trans=4.10.2)
0.819232285,0.843365014,0.831123471,roberta-large_L17_no-idf_version=0.3.10(hug_trans=4.10.2)
0.850340247,0.862434685,0.8563447,roberta-large_L17_no-idf_version=0.3.10(hug_trans=4.10.2)
0.855230749,0.865623713,0.860395789,roberta-large_L17_no-idf_version=0.3.10(hug_trans=4.10.2)
0.836211264,0.858696461,0.847304761,roberta-large_L17_no-idf_version=0.3.10(hug_trans=4.10.2)
0.850744069,0.863181412,0.85691762,roberta-large_L17_no-idf_version=0.3.10(hug_trans=4.10.2)
0.831324995,0.854994595,0.842993677,roberta-large_L17_no-idf_version=0.3.10(hug_trans=4.10.2)
0.87875247,0.876715899,0.877732992,roberta-large_L17_no-idf_version=0.3.10(hug_trans=4.10.2)
0.881191492,0.8684659,0.874782443,roberta-large_L17_no-idf_version=0.3.10(hug_trans=4.10.2)
0.872477055,0.878147781,0.875303149,roberta-large_L17_no-idf_version=0.3.10(hug_trans=4.10.2)
0.858288765,0.874582052,0.866358817,roberta-large_L17_no-idf_version=0.3.10(hug_trans=4.10.2)
0.876744628,0.87163043,0.874180019,roberta-large_L17_no-idf_version=0.3.10(hug_trans=4.10.2)
0.881985486,0.884158373,0.883070588,roberta-large_L17_no-idf_version=0.3.10(hug_trans=4.10.2)
0.899298251,0.879841387,0.889463425,roberta-large_L17_no-idf_version=0.3.10(hug_trans=4.10.2)
0.869630873,0.879904032,0.874737322,roberta-large_L17_no-idf_version=0.3.10(hug_trans=4.10.2)
0.896862447,0.881023705,0.888872504,roberta-large_L17_no-idf_version=0.3.10(hug_trans=4.10.2)
0.881440759,0.879465759,0.880452156,roberta-large_L17_no-idf_version=0.3.10(hug_trans=4.10.2)
0.800351024,0.862301946,0.8301723,roberta-large_L17_no-idf_version=0.3.10(hug_trans=4.10.2)
0.919968784,0.90088892,0.910328865,roberta-large_L17_no-idf_version=0.3.10(hug_trans=4.10.2)
0.889408827,0.866322815,0.877714038,roberta-large_L17_no-idf_version=0.3.10(hug_trans=4.10.2)
0.876586616,0.892650723,0.884545743,roberta-large_L17_no-idf_version=0.3.10(hug_trans=4.10.2)
0.850381851,0.888583481,0.869063079,roberta-large_L17_no-idf_version=0.3.10(hug_trans=4.10.2)
0.873825431,0.878457248,0.87613529,roberta-large_L17_no-idf_version=0.3.10(hug_trans=4.10.2)
0.861472726,0.872194171,0.866800308,roberta-large_L17_no-idf_version=0.3.10(hug_trans=4.10.2)
0.865148962,0.86160171,0.86337173,roberta-large_L17_no-idf_version=0.3.10(hug_trans=4.10.2)
0.880387783,0.875243843,0.877808273,roberta-large_L17_no-idf_version=0.3.10(hug_trans=4.10.2)
0.880835891,0.873756945,0.877282083,roberta-large_L17_no-idf_version=0.3.10(hug_trans=4.10.2)
0.918125033,0.923359513,0.920734823,roberta-large_L17_no-idf_version=0.3.10(hug_trans=4.10.2)
0.98133862,0.921408594,0.950429857,roberta-large_L17_no-idf_version=0.3.10(hug_trans=4.10.2)
0.885764897,0.876286805,0.88100034,roberta-large_L17_no-idf_version=0.3.10(hug_trans=4.10.2)
0.922710419,0.883246064,0.902547002,roberta-large_L17_no-idf_version=0.3.10(hug_trans=4.10.2)
0.825201035,0.843409002,0.834205627,roberta-large_L17_no-idf_version=0.3.10(hug_trans=4.10.2)
0.879256248,0.860908508,0.86998564,roberta-large_L17_no-idf_version=0.3.10(hug_trans=4.10.2)
0.882398367,0.87694943,0.879665434,roberta-large_L17_no-idf_version=0.3.10(hug_trans=4.10.2)
0.847206175,0.850442529,0.848821223,roberta-large_L17_no-idf_version=0.3.10(hug_trans=4.10.2)
0.90491122,0.866153181,0.885108113,roberta-large_L17_no-idf_version=0.3.10(hug_trans=4.10.2)
0.887135446,0.866825342,0.876862764,roberta-large_L17_no-idf_version=0.3.10(hug_trans=4.10.2)
0.865680695,0.868890882,0.867282808,roberta-large_L17_no-idf_version=0.3.10(hug_trans=4.10.2)
0.893678963,0.887966394,0.890813529,roberta-large_L17_no-idf_version=0.3.10(hug_trans=4.10.2)
0.905611992,0.84863162,0.876196384,roberta-large_L17_no-idf_version=0.3.10(hug_trans=4.10.2)
0.852615416,0.859423816,0.856006086,roberta-large_L17_no-idf_version=0.3.10(hug_trans=4.10.2)
0.882463455,0.875986993,0.879213274,roberta-large_L17_no-idf_version=0.3.10(hug_trans=4.10.2)
0.905339241,0.866027057,0.885246873,roberta-large_L17_no-idf_version=0.3.10(hug_trans=4.10.2)
0.904172063,0.873627424,0.888637304,roberta-large_L17_no-idf_version=0.3.10(hug_trans=4.10.2)
0.86242801,0.856415689,0.859411299,roberta-large_L17_no-idf_version=0.3.10(hug_trans=4.10.2)
0.905339241,0.866027057,0.885246873,roberta-large_L17_no-idf_version=0.3.10(hug_trans=4.10.2)
0.879260778,0.883005559,0.881129146,roberta-large_L17_no-idf_version=0.3.10(hug_trans=4.10.2)
0.887806654,0.875400305,0.881559849,roberta-large_L17_no-idf_version=0.3.10(hug_trans=4.10.2)
0.867088318,0.891865611,0.879302502,roberta-large_L17_no-idf_version=0.3.10(hug_trans=4.10.2)
0.87807858,0.894864023,0.886391878,roberta-large_L17_no-idf_version=0.3.10(hug_trans=4.10.2)
0.90301019,0.880814791,0.891774416,roberta-large_L17_no-idf_version=0.3.10(hug_trans=4.10.2)
0.888272166,0.890046,0.889158189,roberta-large_L17_no-idf_version=0.3.10(hug_trans=4.10.2)
0.873515904,0.888888359,0.881135166,roberta-large_L17_no-idf_version=0.3.10(hug_trans=4.10.2)
0.883801162,0.875956595,0.879861414,roberta-large_L17_no-idf_version=0.3.10(hug_trans=4.10.2)
0.867284358,0.894090772,0.880483508,roberta-large_L17_no-idf_version=0.3.10(hug_trans=4.10.2)
0.885585964,0.898845434,0.892166376,roberta-large_L17_no-idf_version=0.3.10(hug_trans=4.10.2)
0.905396581,0.891656816,0.898474157,roberta-large_L17_no-idf_version=0.3.10(hug_trans=4.10.2)
0.877158284,0.884132624,0.880631626,roberta-large_L17_no-idf_version=0.3.10(hug_trans=4.10.2)
0.884962022,0.889190435,0.887071133,roberta-large_L17_no-idf_version=0.3.10(hug_trans=4.10.2)
0.897418201,0.867645979,0.882280946,roberta-large_L17_no-idf_version=0.3.10(hug_trans=4.10.2)
0.866902351,0.880563021,0.87367928,roberta-large_L17_no-idf_version=0.3.10(hug_trans=4.10.2)
0.877389848,0.863246381,0.870260656,roberta-large_L17_no-idf_version=0.3.10(hug_trans=4.10.2)
0.917152703,0.892847598,0.904836953,roberta-large_L17_no-idf_version=0.3.10(hug_trans=4.10.2)
0.871198893,0.879468799,0.875314355,roberta-large_L17_no-idf_version=0.3.10(hug_trans=4.10.2)
0.85782063,0.861205816,0.859509885,roberta-large_L17_no-idf_version=0.3.10(hug_trans=4.10.2)
0.85967207,0.873902798,0.866729021,roberta-large_L17_no-idf_version=0.3.10(hug_trans=4.10.2)
0.838903487,0.861476302,0.850040019,roberta-large_L17_no-idf_version=0.3.10(hug_trans=4.10.2)
0.923692763,0.88885057,0.905936778,roberta-large_L17_no-idf_version=0.3.10(hug_trans=4.10.2)
0.90057689,0.880861819,0.890610278,roberta-large_L17_no-idf_version=0.3.10(hug_trans=4.10.2)
0.886164725,0.865638375,0.875781238,roberta-large_L17_no-idf_version=0.3.10(hug_trans=4.10.2)
0.891302049,0.865139186,0.87802577,roberta-large_L17_no-idf_version=0.3.10(hug_trans=4.10.2)
0.863361418,0.861649275,0.862504482,roberta-large_L17_no-idf_version=0.3.10(hug_trans=4.10.2)
0.852275848,0.849231184,0.850750744,roberta-large_L17_no-idf_version=0.3.10(hug_trans=4.10.2)
0.867811382,0.865966678,0.866888046,roberta-large_L17_no-idf_version=0.3.10(hug_trans=4.10.2)
0.887817681,0.902037621,0.894871235,roberta-large_L17_no-idf_version=0.3.10(hug_trans=4.10.2)
0.893379807,0.870946884,0.882020712,roberta-large_L17_no-idf_version=0.3.10(hug_trans=4.10.2)
0.886728048,0.866460979,0.876477361,roberta-large_L17_no-idf_version=0.3.10(hug_trans=4.10.2)
0.879865408,0.885371864,0.882610023,roberta-large_L17_no-idf_version=0.3.10(hug_trans=4.10.2)
0.844636083,0.860624552,0.852555335,roberta-large_L17_no-idf_version=0.3.10(hug_trans=4.10.2)
0.876376927,0.878255308,0.877315104,roberta-large_L17_no-idf_version=0.3.10(hug_trans=4.10.2)
0.888057113,0.880580425,0.884302974,roberta-large_L17_no-idf_version=0.3.10(hug_trans=4.10.2)
0.89137888,0.881133616,0.886226654,roberta-large_L17_no-idf_version=0.3.10(hug_trans=4.10.2)
0.887798965,0.870303392,0.878964126,roberta-large_L17_no-idf_version=0.3.10(hug_trans=4.10.2)
0.898627341,0.884787977,0.891653955,roberta-large_L17_no-idf_version=0.3.10(hug_trans=4.10.2)
0.891024172,0.875440717,0.883163691,roberta-large_L17_no-idf_version=0.3.10(hug_trans=4.10.2)
0.912240148,0.894853354,0.903463066,roberta-large_L17_no-idf_version=0.3.10(hug_trans=4.10.2)
0.884211361,0.857955396,0.870885491,roberta-large_L17_no-idf_version=0.3.10(hug_trans=4.10.2)
0.884232163,0.848052323,0.86576438,roberta-large_L17_no-idf_version=0.3.10(hug_trans=4.10.2)
0.889984667,0.867687821,0.878694773,roberta-large_L17_no-idf_version=0.3.10(hug_trans=4.10.2)
0.823473096,0.845199645,0.834194899,roberta-large_L17_no-idf_version=0.3.10(hug_trans=4.10.2)
0.834295332,0.837532282,0.835910678,roberta-large_L17_no-idf_version=0.3.10(hug_trans=4.10.2)
0.847930789,0.848665655,0.848298073,roberta-large_L17_no-idf_version=0.3.10(hug_trans=4.10.2)
0.816711783,0.837592781,0.827020526,roberta-large_L17_no-idf_version=0.3.10(hug_trans=4.10.2)
0.849299133,0.860373139,0.854800284,roberta-large_L17_no-idf_version=0.3.10(hug_trans=4.10.2)
0.873545945,0.863481998,0.868484795,roberta-large_L17_no-idf_version=0.3.10(hug_trans=4.10.2)
0.84125793,0.866889715,0.853881538,roberta-large_L17_no-idf_version=0.3.10(hug_trans=4.10.2)
0.89174068,0.873889685,0.882724941,roberta-large_L17_no-idf_version=0.3.10(hug_trans=4.10.2)
0.889255464,0.861053526,0.874927282,roberta-large_L17_no-idf_version=0.3.10(hug_trans=4.10.2)
0.882784307,0.871660352,0.877187133,roberta-large_L17_no-idf_version=0.3.10(hug_trans=4.10.2)
0.890014172,0.870453537,0.880125105,roberta-large_L17_no-idf_version=0.3.10(hug_trans=4.10.2)
0.882319152,0.865602553,0.873880923,roberta-large_L17_no-idf_version=0.3.10(hug_trans=4.10.2)
0.890860319,0.876670659,0.883708537,roberta-large_L17_no-idf_version=0.3.10(hug_trans=4.10.2)
0.913366139,0.877372384,0.895007491,roberta-large_L17_no-idf_version=0.3.10(hug_trans=4.10.2)
0.895985484,0.870693564,0.883158445,roberta-large_L17_no-idf_version=0.3.10(hug_trans=4.10.2)
0.890682518,0.865035057,0.87767154,roberta-large_L17_no-idf_version=0.3.10(hug_trans=4.10.2)
0.86641258,0.865850508,0.866131425,roberta-large_L17_no-idf_version=0.3.10(hug_trans=4.10.2)
0.864846349,0.857798219,0.861307859,roberta-large_L17_no-idf_version=0.3.10(hug_trans=4.10.2)
0.877798796,0.857113838,0.867333055,roberta-large_L17_no-idf_version=0.3.10(hug_trans=4.10.2)
0.865287364,0.859735906,0.862502694,roberta-large_L17_no-idf_version=0.3.10(hug_trans=4.10.2)
0.863667369,0.855459452,0.8595438,roberta-large_L17_no-idf_version=0.3.10(hug_trans=4.10.2)
0.890487611,0.882888973,0.88667202,roberta-large_L17_no-idf_version=0.3.10(hug_trans=4.10.2)
0.8702389,0.848464429,0.85921371,roberta-large_L17_no-idf_version=0.3.10(hug_trans=4.10.2)
0.847990274,0.875515163,0.861532927,roberta-large_L17_no-idf_version=0.3.10(hug_trans=4.10.2)
0.897462487,0.895398378,0.8964293,roberta-large_L17_no-idf_version=0.3.10(hug_trans=4.10.2)
0.902654827,0.898639977,0.900642931,roberta-large_L17_no-idf_version=0.3.10(hug_trans=4.10.2)
0.89263314,0.858946979,0.875466108,roberta-large_L17_no-idf_version=0.3.10(hug_trans=4.10.2)
0.892460763,0.853616238,0.872606397,roberta-large_L17_no-idf_version=0.3.10(hug_trans=4.10.2)
0.883198738,0.859614193,0.871246934,roberta-large_L17_no-idf_version=0.3.10(hug_trans=4.10.2)
0.878032863,0.879527688,0.878779709,roberta-large_L17_no-idf_version=0.3.10(hug_trans=4.10.2)
0.922852099,0.88016361,0.901002467,roberta-large_L17_no-idf_version=0.3.10(hug_trans=4.10.2)
0.90071249,0.867127895,0.883601189,roberta-large_L17_no-idf_version=0.3.10(hug_trans=4.10.2)
0.898766994,0.858990669,0.878428757,roberta-large_L17_no-idf_version=0.3.10(hug_trans=4.10.2)
0.872583151,0.861486375,0.866999269,roberta-large_L17_no-idf_version=0.3.10(hug_trans=4.10.2)
0.878328383,0.866647422,0.872448802,roberta-large_L17_no-idf_version=0.3.10(hug_trans=4.10.2)
0.919510543,0.884801686,0.901822329,roberta-large_L17_no-idf_version=0.3.10(hug_trans=4.10.2)
0.873249173,0.856155336,0.864617765,roberta-large_L17_no-idf_version=0.3.10(hug_trans=4.10.2)
0.881271899,0.893013477,0.887103856,roberta-large_L17_no-idf_version=0.3.10(hug_trans=4.10.2)
0.886532426,0.894123435,0.890311718,roberta-large_L17_no-idf_version=0.3.10(hug_trans=4.10.2)
0.855771482,0.874181807,0.864878714,roberta-large_L17_no-idf_version=0.3.10(hug_trans=4.10.2)
0.854739547,0.847269833,0.850988209,roberta-large_L17_no-idf_version=0.3.10(hug_trans=4.10.2)
0.893784642,0.878575265,0.886114776,roberta-large_L17_no-idf_version=0.3.10(hug_trans=4.10.2)
0.879604995,0.867292285,0.873405278,roberta-large_L17_no-idf_version=0.3.10(hug_trans=4.10.2)
0.871858358,0.868517339,0.8701846,roberta-large_L17_no-idf_version=0.3.10(hug_trans=4.10.2)
0.861804366,0.856041431,0.858913183,roberta-large_L17_no-idf_version=0.3.10(hug_trans=4.10.2)
0.876750827,0.866880059,0.871787488,roberta-large_L17_no-idf_version=0.3.10(hug_trans=4.10.2)
0.854679823,0.854709506,0.854694664,roberta-large_L17_no-idf_version=0.3.10(hug_trans=4.10.2)
0.900426924,0.872583151,0.886286438,roberta-large_L17_no-idf_version=0.3.10(hug_trans=4.10.2)
0.894596457,0.873192906,0.883765101,roberta-large_L17_no-idf_version=0.3.10(hug_trans=4.10.2)
0.898251116,0.866432607,0.882054985,roberta-large_L17_no-idf_version=0.3.10(hug_trans=4.10.2)
0.868689537,0.861197412,0.864927173,roberta-large_L17_no-idf_version=0.3.10(hug_trans=4.10.2)
0.887093127,0.863393903,0.875083089,roberta-large_L17_no-idf_version=0.3.10(hug_trans=4.10.2)
0.852706313,0.858441532,0.855564356,roberta-large_L17_no-idf_version=0.3.10(hug_trans=4.10.2)
0.952882349,0.888931155,0.919796467,roberta-large_L17_no-idf_version=0.3.10(hug_trans=4.10.2)
0.885966778,0.871490598,0.878669083,roberta-large_L17_no-idf_version=0.3.10(hug_trans=4.10.2)
0.870764256,0.875563741,0.873157442,roberta-large_L17_no-idf_version=0.3.10(hug_trans=4.10.2)
0.873195887,0.856925428,0.864984155,roberta-large_L17_no-idf_version=0.3.10(hug_trans=4.10.2)
0.878619313,0.864637673,0.871572375,roberta-large_L17_no-idf_version=0.3.10(hug_trans=4.10.2)
0.894643664,0.870836675,0.882579684,roberta-large_L17_no-idf_version=0.3.10(hug_trans=4.10.2)
0.888932943,0.8647452,0.876672268,roberta-large_L17_no-idf_version=0.3.10(hug_trans=4.10.2)
0.866429567,0.858201623,0.862295985,roberta-large_L17_no-idf_version=0.3.10(hug_trans=4.10.2)
0.855014801,0.8568874,0.855950117,roberta-large_L17_no-idf_version=0.3.10(hug_trans=4.10.2)
0.87913394,0.874185145,0.876652598,roberta-large_L17_no-idf_version=0.3.10(hug_trans=4.10.2)
0.877038121,0.855880439,0.866330206,roberta-large_L17_no-idf_version=0.3.10(hug_trans=4.10.2)
0.873785734,0.865315378,0.869529903,roberta-large_L17_no-idf_version=0.3.10(hug_trans=4.10.2)
0.89202106,0.867482901,0.879580855,roberta-large_L17_no-idf_version=0.3.10(hug_trans=4.10.2)
0.863184929,0.846780419,0.854903996,roberta-large_L17_no-idf_version=0.3.10(hug_trans=4.10.2)
0.889579833,0.8561939,0.872567594,roberta-large_L17_no-idf_version=0.3.10(hug_trans=4.10.2)
0.870251715,0.864257395,0.867244244,roberta-large_L17_no-idf_version=0.3.10(hug_trans=4.10.2)
0.896917701,0.870067298,0.883288503,roberta-large_L17_no-idf_version=0.3.10(hug_trans=4.10.2)
0.862892628,0.851555109,0.857186377,roberta-large_L17_no-idf_version=0.3.10(hug_trans=4.10.2)
0.893161774,0.865228176,0.878973067,roberta-large_L17_no-idf_version=0.3.10(hug_trans=4.10.2)
0.884977639,0.867296696,0.876048028,roberta-large_L17_no-idf_version=0.3.10(hug_trans=4.10.2)
0.879627168,0.863008738,0.871238708,roberta-large_L17_no-idf_version=0.3.10(hug_trans=4.10.2)
0.862817705,0.845614612,0.854129553,roberta-large_L17_no-idf_version=0.3.10(hug_trans=4.10.2)
0.848664284,0.851386666,0.85002327,roberta-large_L17_no-idf_version=0.3.10(hug_trans=4.10.2)
0.890639007,0.871294856,0.880860806,roberta-large_L17_no-idf_version=0.3.10(hug_trans=4.10.2)
0.902763128,0.875668883,0.889009595,roberta-large_L17_no-idf_version=0.3.10(hug_trans=4.10.2)
0.857573032,0.858905613,0.858238816,roberta-large_L17_no-idf_version=0.3.10(hug_trans=4.10.2)
0.85282892,0.868625522,0.860654712,roberta-large_L17_no-idf_version=0.3.10(hug_trans=4.10.2)
0.922093689,0.91051811,0.916269302,roberta-large_L17_no-idf_version=0.3.10(hug_trans=4.10.2)
0.852453649,0.868915498,0.860605896,roberta-large_L17_no-idf_version=0.3.10(hug_trans=4.10.2)
0.836812258,0.857116342,0.846842587,roberta-large_L17_no-idf_version=0.3.10(hug_trans=4.10.2)
0.883157015,0.886256099,0.884703815,roberta-large_L17_no-idf_version=0.3.10(hug_trans=4.10.2)
0.8574301,0.870020211,0.86367923,roberta-large_L17_no-idf_version=0.3.10(hug_trans=4.10.2)
0.866362929,0.879869461,0.873063982,roberta-large_L17_no-idf_version=0.3.10(hug_trans=4.10.2)
0.857128024,0.871602952,0.8643049,roberta-large_L17_no-idf_version=0.3.10(hug_trans=4.10.2)
0.871980667,0.884908676,0.878397107,roberta-large_L17_no-idf_version=0.3.10(hug_trans=4.10.2)
0.891516387,0.877986312,0.884699643,roberta-large_L17_no-idf_version=0.3.10(hug_trans=4.10.2)
0.86373204,0.868797421,0.86625737,roberta-large_L17_no-idf_version=0.3.10(hug_trans=4.10.2)
0.882159472,0.884763122,0.88345933,roberta-large_L17_no-idf_version=0.3.10(hug_trans=4.10.2)
0.868077517,0.883697927,0.875818014,roberta-large_L17_no-idf_version=0.3.10(hug_trans=4.10.2)
0.84745574,0.876833737,0.861894488,roberta-large_L17_no-idf_version=0.3.10(hug_trans=4.10.2)
0.858492672,0.859483957,0.858988047,roberta-large_L17_no-idf_version=0.3.10(hug_trans=4.10.2)
0.828987241,0.856816173,0.84267199,roberta-large_L17_no-idf_version=0.3.10(hug_trans=4.10.2)
0.884427845,0.861724436,0.8729285,roberta-large_L17_no-idf_version=0.3.10(hug_trans=4.10.2)
0.890071511,0.894057572,0.892060041,roberta-large_L17_no-idf_version=0.3.10(hug_trans=4.10.2)
0.88874191,0.849539161,0.868698478,roberta-large_L17_no-idf_version=0.3.10(hug_trans=4.10.2)
0.878621697,0.857334077,0.867847383,roberta-large_L17_no-idf_version=0.3.10(hug_trans=4.10.2)
0.888450623,0.863629222,0.875864089,roberta-large_L17_no-idf_version=0.3.10(hug_trans=4.10.2)
0.857322931,0.850570619,0.853933394,roberta-large_L17_no-idf_version=0.3.10(hug_trans=4.10.2)
0.865828454,0.858332634,0.862064242,roberta-large_L17_no-idf_version=0.3.10(hug_trans=4.10.2)
0.821307182,0.845198512,0.833081603,roberta-large_L17_no-idf_version=0.3.10(hug_trans=4.10.2)
0.853764176,0.851042211,0.852401078,roberta-large_L17_no-idf_version=0.3.10(hug_trans=4.10.2)
0.88120681,0.86307162,0.872044921,roberta-large_L17_no-idf_version=0.3.10(hug_trans=4.10.2)
0.848547161,0.857609451,0.853054225,roberta-large_L17_no-idf_version=0.3.10(hug_trans=4.10.2)
0.864062071,0.860527277,0.862291038,roberta-large_L17_no-idf_version=0.3.10(hug_trans=4.10.2)
0.893234968,0.87092346,0.88193804,roberta-large_L17_no-idf_version=0.3.10(hug_trans=4.10.2)
0.860221207,0.85429436,0.857247531,roberta-large_L17_no-idf_version=0.3.10(hug_trans=4.10.2)
0.893529236,0.877863228,0.885626972,roberta-large_L17_no-idf_version=0.3.10(hug_trans=4.10.2)
0.870798767,0.86937964,0.870088696,roberta-large_L17_no-idf_version=0.3.10(hug_trans=4.10.2)
0.850832701,0.854319155,0.852572441,roberta-large_L17_no-idf_version=0.3.10(hug_trans=4.10.2)
0.871914148,0.850775242,0.861214995,roberta-large_L17_no-idf_version=0.3.10(hug_trans=4.10.2)
0.872952044,0.847441971,0.860007882,roberta-large_L17_no-idf_version=0.3.10(hug_trans=4.10.2)
0.845768094,0.846084297,0.845926225,roberta-large_L17_no-idf_version=0.3.10(hug_trans=4.10.2)
0.885151923,0.862254143,0.873553038,roberta-large_L17_no-idf_version=0.3.10(hug_trans=4.10.2)
0.91683042,0.888574481,0.902481318,roberta-large_L17_no-idf_version=0.3.10(hug_trans=4.10.2)
0.883296072,0.874886513,0.879071176,roberta-large_L17_no-idf_version=0.3.10(hug_trans=4.10.2)
0.882530928,0.865226924,0.873793185,roberta-large_L17_no-idf_version=0.3.10(hug_trans=4.10.2)
0.919461131,0.875952601,0.897179663,roberta-large_L17_no-idf_version=0.3.10(hug_trans=4.10.2)
0.906589389,0.879059434,0.892612159,roberta-large_L17_no-idf_version=0.3.10(hug_trans=4.10.2)
0.851764619,0.863308191,0.857497513,roberta-large_L17_no-idf_version=0.3.10(hug_trans=4.10.2)
0.902310371,0.861516774,0.881441832,roberta-large_L17_no-idf_version=0.3.10(hug_trans=4.10.2)
0.896374106,0.870301843,0.883145571,roberta-large_L17_no-idf_version=0.3.10(hug_trans=4.10.2)
0.888147473,0.873680711,0.880854666,roberta-large_L17_no-idf_version=0.3.10(hug_trans=4.10.2)
0.871250927,0.86823535,0.869740546,roberta-large_L17_no-idf_version=0.3.10(hug_trans=4.10.2)
0.88110733,0.858219266,0.869512677,roberta-large_L17_no-idf_version=0.3.10(hug_trans=4.10.2)
0.883541644,0.881316066,0.882427394,roberta-large_L17_no-idf_version=0.3.10(hug_trans=4.10.2)
0.877243638,0.873025298,0.875129402,roberta-large_L17_no-idf_version=0.3.10(hug_trans=4.10.2)
0.910790801,0.869969189,0.889912069,roberta-large_L17_no-idf_version=0.3.10(hug_trans=4.10.2)
0.906605542,0.86752665,0.886635661,roberta-large_L17_no-idf_version=0.3.10(hug_trans=4.10.2)
0.878827214,0.870244384,0.874514759,roberta-large_L17_no-idf_version=0.3.10(hug_trans=4.10.2)
0.881267667,0.874486327,0.877863884,roberta-large_L17_no-idf_version=0.3.10(hug_trans=4.10.2)
0.878962517,0.872777522,0.875859141,roberta-large_L17_no-idf_version=0.3.10(hug_trans=4.10.2)
0.890575886,0.865481377,0.87784934,roberta-large_L17_no-idf_version=0.3.10(hug_trans=4.10.2)
0.859267116,0.861941099,0.860602081,roberta-large_L17_no-idf_version=0.3.10(hug_trans=4.10.2)
0.865819514,0.855380237,0.860568166,roberta-large_L17_no-idf_version=0.3.10(hug_trans=4.10.2)
0.889310002,0.860486329,0.87466073,roberta-large_L17_no-idf_version=0.3.10(hug_trans=4.10.2)
0.879776716,0.879297316,0.879536986,roberta-large_L17_no-idf_version=0.3.10(hug_trans=4.10.2)
0.873732924,0.855724096,0.864634752,roberta-large_L17_no-idf_version=0.3.10(hug_trans=4.10.2)
0.835470378,0.857370436,0.846278727,roberta-large_L17_no-idf_version=0.3.10(hug_trans=4.10.2)
0.838467121,0.8609097,0.849540234,roberta-large_L17_no-idf_version=0.3.10(hug_trans=4.10.2)
0.87324518,0.878633022,0.875930786,roberta-large_L17_no-idf_version=0.3.10(hug_trans=4.10.2)
0.915770829,0.880459309,0.897768021,roberta-large_L17_no-idf_version=0.3.10(hug_trans=4.10.2)
0.91780293,0.888556302,0.902942836,roberta-large_L17_no-idf_version=0.3.10(hug_trans=4.10.2)
0.883121431,0.848778367,0.865609407,roberta-large_L17_no-idf_version=0.3.10(hug_trans=4.10.2)
0.920000434,0.902545631,0.911189437,roberta-large_L17_no-idf_version=0.3.10(hug_trans=4.10.2)
0.928302407,0.896910846,0.912336648,roberta-large_L17_no-idf_version=0.3.10(hug_trans=4.10.2)
0.984328985,0.915500402,0.948667884,roberta-large_L17_no-idf_version=0.3.10(hug_trans=4.10.2)
0.878762722,0.868697166,0.873700976,roberta-large_L17_no-idf_version=0.3.10(hug_trans=4.10.2)
0.878591597,0.885970116,0.882265449,roberta-large_L17_no-idf_version=0.3.10(hug_trans=4.10.2)
0.887230992,0.881488144,0.88435024,roberta-large_L17_no-idf_version=0.3.10(hug_trans=4.10.2)
0.876573205,0.861712575,0.869079411,roberta-large_L17_no-idf_version=0.3.10(hug_trans=4.10.2)
0.89683944,0.884028375,0.890387833,roberta-large_L17_no-idf_version=0.3.10(hug_trans=4.10.2)
0.882561862,0.880227685,0.881393313,roberta-large_L17_no-idf_version=0.3.10(hug_trans=4.10.2)
0.871216476,0.853803515,0.862422109,roberta-large_L17_no-idf_version=0.3.10(hug_trans=4.10.2)
0.875280321,0.872483492,0.873879671,roberta-large_L17_no-idf_version=0.3.10(hug_trans=4.10.2)
0.863586068,0.8697685,0.866666257,roberta-large_L17_no-idf_version=0.3.10(hug_trans=4.10.2)
0.81107688,0.863081157,0.836271346,roberta-large_L17_no-idf_version=0.3.10(hug_trans=4.10.2)
0.856909931,0.872256458,0.864515126,roberta-large_L17_no-idf_version=0.3.10(hug_trans=4.10.2)
0.857873678,0.873830199,0.865778446,roberta-large_L17_no-idf_version=0.3.10(hug_trans=4.10.2)
0.827766538,0.854907513,0.841118157,roberta-large_L17_no-idf_version=0.3.10(hug_trans=4.10.2)
0.83256346,0.856863379,0.844538629,roberta-large_L17_no-idf_version=0.3.10(hug_trans=4.10.2)
0.840882182,0.859262884,0.849973202,roberta-large_L17_no-idf_version=0.3.10(hug_trans=4.10.2)
0.836132228,0.845202327,0.840642869,roberta-large_L17_no-idf_version=0.3.10(hug_trans=4.10.2)
0.866677821,0.846168697,0.856300473,roberta-large_L17_no-idf_version=0.3.10(hug_trans=4.10.2)
0.850041926,0.852132082,0.851085782,roberta-large_L17_no-idf_version=0.3.10(hug_trans=4.10.2)
0.854355931,0.878256023,0.8661412,roberta-large_L17_no-idf_version=0.3.10(hug_trans=4.10.2)
0.879599333,0.866448581,0.872974396,roberta-large_L17_no-idf_version=0.3.10(hug_trans=4.10.2)
0.849173546,0.867434263,0.858206809,roberta-large_L17_no-idf_version=0.3.10(hug_trans=4.10.2)
0.813985467,0.861057818,0.83686024,roberta-large_L17_no-idf_version=0.3.10(hug_trans=4.10.2)
0.853821456,0.854628205,0.854224682,roberta-large_L17_no-idf_version=0.3.10(hug_trans=4.10.2)
0.861703992,0.858198106,0.859947503,roberta-large_L17_no-idf_version=0.3.10(hug_trans=4.10.2)
0.857640862,0.850976825,0.85429579,roberta-large_L17_no-idf_version=0.3.10(hug_trans=4.10.2)
0.823428929,0.851502657,0.837230504,roberta-large_L17_no-idf_version=0.3.10(hug_trans=4.10.2)
0.882002234,0.868193388,0.875043333,roberta-large_L17_no-idf_version=0.3.10(hug_trans=4.10.2)
0.872166634,0.879872859,0.876002789,roberta-large_L17_no-idf_version=0.3.10(hug_trans=4.10.2)
0.866004646,0.875573039,0.870762587,roberta-large_L17_no-idf_version=0.3.10(hug_trans=4.10.2)
0.949233055,0.875112653,0.910667121,roberta-large_L17_no-idf_version=0.3.10(hug_trans=4.10.2)
0.867712438,0.86262238,0.865159929,roberta-large_L17_no-idf_version=0.3.10(hug_trans=4.10.2)
0.866388381,0.852466702,0.859371126,roberta-large_L17_no-idf_version=0.3.10(hug_trans=4.10.2)
0.879175186,0.877804101,0.878489137,roberta-large_L17_no-idf_version=0.3.10(hug_trans=4.10.2)
0.904689848,0.859393001,0.881459832,roberta-large_L17_no-idf_version=0.3.10(hug_trans=4.10.2)
0.970371723,0.904520988,0.936289966,roberta-large_L17_no-idf_version=0.3.10(hug_trans=4.10.2)
0.856206894,0.865105331,0.860633075,roberta-large_L17_no-idf_version=0.3.10(hug_trans=4.10.2)
0.875124454,0.865221262,0.870144665,roberta-large_L17_no-idf_version=0.3.10(hug_trans=4.10.2)
0.882637024,0.901481152,0.891959548,roberta-large_L17_no-idf_version=0.3.10(hug_trans=4.10.2)
0.845747948,0.864465117,0.855004072,roberta-large_L17_no-idf_version=0.3.10(hug_trans=4.10.2)
0.8986094,0.851601958,0.874474406,roberta-large_L17_no-idf_version=0.3.10(hug_trans=4.10.2)
0.894246042,0.854250908,0.873790979,roberta-large_L17_no-idf_version=0.3.10(hug_trans=4.10.2)
0.875727177,0.872164309,0.873942137,roberta-large_L17_no-idf_version=0.3.10(hug_trans=4.10.2)
0.937808454,0.909853041,0.923619211,roberta-large_L17_no-idf_version=0.3.10(hug_trans=4.10.2)
0.967319369,0.900026321,0.932460368,roberta-large_L17_no-idf_version=0.3.10(hug_trans=4.10.2)
0.877094328,0.866049051,0.871536732,roberta-large_L17_no-idf_version=0.3.10(hug_trans=4.10.2)
0.865106821,0.862256587,0.863679409,roberta-large_L17_no-idf_version=0.3.10(hug_trans=4.10.2)
0.889022768,0.855835497,0.872113526,roberta-large_L17_no-idf_version=0.3.10(hug_trans=4.10.2)
0.89215827,0.867867351,0.879845142,roberta-large_L17_no-idf_version=0.3.10(hug_trans=4.10.2)
0.877216339,0.858898818,0.86796093,roberta-large_L17_no-idf_version=0.3.10(hug_trans=4.10.2)
0.890418768,0.871003866,0.880604327,roberta-large_L17_no-idf_version=0.3.10(hug_trans=4.10.2)
0.873687565,0.857048869,0.865288198,roberta-large_L17_no-idf_version=0.3.10(hug_trans=4.10.2)
0.87846905,0.874150813,0.876304567,roberta-large_L17_no-idf_version=0.3.10(hug_trans=4.10.2)
0.886289477,0.872198403,0.879187465,roberta-large_L17_no-idf_version=0.3.10(hug_trans=4.10.2)
0.877087951,0.855727792,0.866276205,roberta-large_L17_no-idf_version=0.3.10(hug_trans=4.10.2)
0.868236899,0.864079475,0.866153181,roberta-large_L17_no-idf_version=0.3.10(hug_trans=4.10.2)
0.861709297,0.851676464,0.856663465,roberta-large_L17_no-idf_version=0.3.10(hug_trans=4.10.2)
0.881501675,0.855578482,0.868346632,roberta-large_L17_no-idf_version=0.3.10(hug_trans=4.10.2)
0.89168191,0.856063366,0.873509705,roberta-large_L17_no-idf_version=0.3.10(hug_trans=4.10.2)
0.916558743,0.871160984,0.893283427,roberta-large_L17_no-idf_version=0.3.10(hug_trans=4.10.2)
0.899666607,0.872181296,0.885710716,roberta-large_L17_no-idf_version=0.3.10(hug_trans=4.10.2)
0.85552454,0.839690983,0.847533822,roberta-large_L17_no-idf_version=0.3.10(hug_trans=4.10.2)
0.907953382,0.85569036,0.881047487,roberta-large_L17_no-idf_version=0.3.10(hug_trans=4.10.2)
0.884460628,0.861453235,0.872805357,roberta-large_L17_no-idf_version=0.3.10(hug_trans=4.10.2)
0.884460568,0.870040536,0.877191246,roberta-large_L17_no-idf_version=0.3.10(hug_trans=4.10.2)
0.861050785,0.856966734,0.859003842,roberta-large_L17_no-idf_version=0.3.10(hug_trans=4.10.2)
0.876866221,0.852556109,0.864540339,roberta-large_L17_no-idf_version=0.3.10(hug_trans=4.10.2)
0.876019657,0.863685489,0.869808853,roberta-large_L17_no-idf_version=0.3.10(hug_trans=4.10.2)
0.878121853,0.855927229,0.866882563,roberta-large_L17_no-idf_version=0.3.10(hug_trans=4.10.2)
0.897737324,0.855756521,0.876244426,roberta-large_L17_no-idf_version=0.3.10(hug_trans=4.10.2)
0.875447214,0.856987715,0.866119027,roberta-large_L17_no-idf_version=0.3.10(hug_trans=4.10.2)
0.871964693,0.853453875,0.862609982,roberta-large_L17_no-idf_version=0.3.10(hug_trans=4.10.2)
0.895285666,0.847809613,0.870901048,roberta-large_L17_no-idf_version=0.3.10(hug_trans=4.10.2)
0.856566966,0.853762984,0.85516268,roberta-large_L17_no-idf_version=0.3.10(hug_trans=4.10.2)
0.860477507,0.840721786,0.850484908,roberta-large_L17_no-idf_version=0.3.10(hug_trans=4.10.2)
0.879467487,0.86537993,0.872366846,roberta-large_L17_no-idf_version=0.3.10(hug_trans=4.10.2)
0.839666009,0.815955162,0.827640831,roberta-large_L17_no-idf_version=0.3.10(hug_trans=4.10.2)
0.864456415,0.852516532,0.858444989,roberta-large_L17_no-idf_version=0.3.10(hug_trans=4.10.2)
0.909975886,0.875228465,0.892263949,roberta-large_L17_no-idf_version=0.3.10(hug_trans=4.10.2)
0.887132764,0.854847729,0.870691061,roberta-large_L17_no-idf_version=0.3.10(hug_trans=4.10.2)
0.868916035,0.862831473,0.865863025,roberta-large_L17_no-idf_version=0.3.10(hug_trans=4.10.2)
0.873527288,0.859115064,0.866261184,roberta-large_L17_no-idf_version=0.3.10(hug_trans=4.10.2)
0.884664357,0.860430479,0.872379184,roberta-large_L17_no-idf_version=0.3.10(hug_trans=4.10.2)
0.880250812,0.851378024,0.865573645,roberta-large_L17_no-idf_version=0.3.10(hug_trans=4.10.2)
0.879045248,0.855940223,0.867338896,roberta-large_L17_no-idf_version=0.3.10(hug_trans=4.10.2)
0.880385816,0.864902675,0.872575521,roberta-large_L17_no-idf_version=0.3.10(hug_trans=4.10.2)
0.881855488,0.874943674,0.878385961,roberta-large_L17_no-idf_version=0.3.10(hug_trans=4.10.2)
0.863130629,0.870403767,0.866751969,roberta-large_L17_no-idf_version=0.3.10(hug_trans=4.10.2)
0.881201804,0.849426568,0.86502248,roberta-large_L17_no-idf_version=0.3.10(hug_trans=4.10.2)
0.895473123,0.883808196,0.889602363,roberta-large_L17_no-idf_version=0.3.10(hug_trans=4.10.2)
0.845373034,0.859044194,0.852153778,roberta-large_L17_no-idf_version=0.3.10(hug_trans=4.10.2)
0.907529712,0.88994211,0.898649871,roberta-large_L17_no-idf_version=0.3.10(hug_trans=4.10.2)
0.857229173,0.862068892,0.859642208,roberta-large_L17_no-idf_version=0.3.10(hug_trans=4.10.2)
0.860777974,0.870149612,0.865438402,roberta-large_L17_no-idf_version=0.3.10(hug_trans=4.10.2)
0.897791326,0.863525391,0.880325019,roberta-large_L17_no-idf_version=0.3.10(hug_trans=4.10.2)
0.923188031,0.870300293,0.895964384,roberta-large_L17_no-idf_version=0.3.10(hug_trans=4.10.2)
0.897490144,0.878809214,0.88805145,roberta-large_L17_no-idf_version=0.3.10(hug_trans=4.10.2)
0.902123153,0.866147876,0.883769631,roberta-large_L17_no-idf_version=0.3.10(hug_trans=4.10.2)
0.855322659,0.858968139,0.857141495,roberta-large_L17_no-idf_version=0.3.10(hug_trans=4.10.2)
0.872874677,0.870278299,0.871574581,roberta-large_L17_no-idf_version=0.3.10(hug_trans=4.10.2)
0.894397259,0.85965997,0.876684666,roberta-large_L17_no-idf_version=0.3.10(hug_trans=4.10.2)
0.901792407,0.888844788,0.895271778,roberta-large_L17_no-idf_version=0.3.10(hug_trans=4.10.2)
0.951293766,0.875816941,0.911996365,roberta-large_L17_no-idf_version=0.3.10(hug_trans=4.10.2)
0.841529369,0.864767015,0.852989912,roberta-large_L17_no-idf_version=0.3.10(hug_trans=4.10.2)
0.871128917,0.865551472,0.868331254,roberta-large_L17_no-idf_version=0.3.10(hug_trans=4.10.2)
0.936208725,0.883742452,0.909219325,roberta-large_L17_no-idf_version=0.3.10(hug_trans=4.10.2)
0.981628716,0.92405498,0.951972127,roberta-large_L17_no-idf_version=0.3.10(hug_trans=4.10.2)
0.880607963,0.876696229,0.878647745,roberta-large_L17_no-idf_version=0.3.10(hug_trans=4.10.2)
0.851368189,0.864533424,0.857900262,roberta-large_L17_no-idf_version=0.3.10(hug_trans=4.10.2)
0.836883843,0.861384034,0.848957181,roberta-large_L17_no-idf_version=0.3.10(hug_trans=4.10.2)
0.80063498,0.849154353,0.824181199,roberta-large_L17_no-idf_version=0.3.10(hug_trans=4.10.2)
0.8833915,0.876114607,0.879737973,roberta-large_L17_no-idf_version=0.3.10(hug_trans=4.10.2)
0.846565068,0.848903298,0.847732544,roberta-large_L17_no-idf_version=0.3.10(hug_trans=4.10.2)
0.847138584,0.851508439,0.849317908,roberta-large_L17_no-idf_version=0.3.10(hug_trans=4.10.2)
0.869557619,0.860444844,0.864977241,roberta-large_L17_no-idf_version=0.3.10(hug_trans=4.10.2)
0.872789562,0.877787471,0.875281453,roberta-large_L17_no-idf_version=0.3.10(hug_trans=4.10.2)
0.876906931,0.87372148,0.875311255,roberta-large_L17_no-idf_version=0.3.10(hug_trans=4.10.2)
0.882865727,0.869127393,0.875942647,roberta-large_L17_no-idf_version=0.3.10(hug_trans=4.10.2)
0.907513857,0.859483063,0.882845759,roberta-large_L17_no-idf_version=0.3.10(hug_trans=4.10.2)
0.853420377,0.861137271,0.857261479,roberta-large_L17_no-idf_version=0.3.10(hug_trans=4.10.2)
0.879924357,0.878238022,0.879080415,roberta-large_L17_no-idf_version=0.3.10(hug_trans=4.10.2)
0.859987736,0.856296897,0.858138382,roberta-large_L17_no-idf_version=0.3.10(hug_trans=4.10.2)
0.848678112,0.86210072,0.855336726,roberta-large_L17_no-idf_version=0.3.10(hug_trans=4.10.2)
0.852678537,0.852487147,0.852582872,roberta-large_L17_no-idf_version=0.3.10(hug_trans=4.10.2)
0.862975001,0.853270292,0.858095229,roberta-large_L17_no-idf_version=0.3.10(hug_trans=4.10.2)
0.869753122,0.878416419,0.874063313,roberta-large_L17_no-idf_version=0.3.10(hug_trans=4.10.2)
0.847812355,0.85121125,0.849508405,roberta-large_L17_no-idf_version=0.3.10(hug_trans=4.10.2)
0.868326604,0.852154076,0.860164285,roberta-large_L17_no-idf_version=0.3.10(hug_trans=4.10.2)
0.888928473,0.867113829,0.877885699,roberta-large_L17_no-idf_version=0.3.10(hug_trans=4.10.2)
0.868436754,0.872453749,0.870440602,roberta-large_L17_no-idf_version=0.3.10(hug_trans=4.10.2)
0.88762331,0.886408985,0.8870157,roberta-large_L17_no-idf_version=0.3.10(hug_trans=4.10.2)
0.892668903,0.90103668,0.896833301,roberta-large_L17_no-idf_version=0.3.10(hug_trans=4.10.2)
0.842148304,0.845846593,0.843993366,roberta-large_L17_no-idf_version=0.3.10(hug_trans=4.10.2)
0.912160456,0.870303869,0.890740752,roberta-large_L17_no-idf_version=0.3.10(hug_trans=4.10.2)
0.906769693,0.889956892,0.898284614,roberta-large_L17_no-idf_version=0.3.10(hug_trans=4.10.2)
0.852952123,0.867717147,0.860271275,roberta-large_L17_no-idf_version=0.3.10(hug_trans=4.10.2)
0.964234591,0.894023299,0.927802563,roberta-large_L17_no-idf_version=0.3.10(hug_trans=4.10.2)
0.892374218,0.883753896,0.888043165,roberta-large_L17_no-idf_version=0.3.10(hug_trans=4.10.2)
0.907213688,0.871529937,0.889013886,roberta-large_L17_no-idf_version=0.3.10(hug_trans=4.10.2)
0.873012781,0.868175447,0.870587349,roberta-large_L17_no-idf_version=0.3.10(hug_trans=4.10.2)
0.880676627,0.87799257,0.879332542,roberta-large_L17_no-idf_version=0.3.10(hug_trans=4.10.2)
0.900894523,0.852769017,0.87617141,roberta-large_L17_no-idf_version=0.3.10(hug_trans=4.10.2)
0.860992491,0.858704686,0.859847009,roberta-large_L17_no-idf_version=0.3.10(hug_trans=4.10.2)
0.879133642,0.85508287,0.866941512,roberta-large_L17_no-idf_version=0.3.10(hug_trans=4.10.2)
0.909629703,0.898482144,0.904021561,roberta-large_L17_no-idf_version=0.3.10(hug_trans=4.10.2)
0.872811735,0.867257118,0.870025516,roberta-large_L17_no-idf_version=0.3.10(hug_trans=4.10.2)
0.888484359,0.851500273,0.869599223,roberta-large_L17_no-idf_version=0.3.10(hug_trans=4.10.2)
0.859947205,0.870429635,0.865156651,roberta-large_L17_no-idf_version=0.3.10(hug_trans=4.10.2)
0.848221183,0.837700725,0.842928112,roberta-large_L17_no-idf_version=0.3.10(hug_trans=4.10.2)
0.876729846,0.878985465,0.877856195,roberta-large_L17_no-idf_version=0.3.10(hug_trans=4.10.2)
0.885084748,0.868867278,0.876901031,roberta-large_L17_no-idf_version=0.3.10(hug_trans=4.10.2)
0.875007927,0.859081268,0.866971493,roberta-large_L17_no-idf_version=0.3.10(hug_trans=4.10.2)
0.874766052,0.883930445,0.879324317,roberta-large_L17_no-idf_version=0.3.10(hug_trans=4.10.2)
0.87318188,0.869705558,0.871440232,roberta-large_L17_no-idf_version=0.3.10(hug_trans=4.10.2)
0.887334466,0.87392354,0.880577922,roberta-large_L17_no-idf_version=0.3.10(hug_trans=4.10.2)
0.889907122,0.860239267,0.874821723,roberta-large_L17_no-idf_version=0.3.10(hug_trans=4.10.2)
0.881488264,0.859031677,0.870115101,roberta-large_L17_no-idf_version=0.3.10(hug_trans=4.10.2)
0.875857949,0.855060339,0.865334153,roberta-large_L17_no-idf_version=0.3.10(hug_trans=4.10.2)
0.922164559,0.872471392,0.896629989,roberta-large_L17_no-idf_version=0.3.10(hug_trans=4.10.2)
0.895235062,0.874086082,0.884534121,roberta-large_L17_no-idf_version=0.3.10(hug_trans=4.10.2)
0.884910464,0.872563004,0.878693402,roberta-large_L17_no-idf_version=0.3.10(hug_trans=4.10.2)
0.875785708,0.880221069,0.877997816,roberta-large_L17_no-idf_version=0.3.10(hug_trans=4.10.2)
0.91781652,0.886236072,0.901749909,roberta-large_L17_no-idf_version=0.3.10(hug_trans=4.10.2)
0.868382752,0.883175731,0.875716746,roberta-large_L17_no-idf_version=0.3.10(hug_trans=4.10.2)
0.897677422,0.888243854,0.892935693,roberta-large_L17_no-idf_version=0.3.10(hug_trans=4.10.2)
0.891917348,0.883422554,0.887649655,roberta-large_L17_no-idf_version=0.3.10(hug_trans=4.10.2)
0.910271943,0.882532477,0.896187544,roberta-large_L17_no-idf_version=0.3.10(hug_trans=4.10.2)
0.886067867,0.885695755,0.885881782,roberta-large_L17_no-idf_version=0.3.10(hug_trans=4.10.2)
0.89038837,0.885109425,0.887741029,roberta-large_L17_no-idf_version=0.3.10(hug_trans=4.10.2)
0.870417833,0.861031175,0.865699053,roberta-large_L17_no-idf_version=0.3.10(hug_trans=4.10.2)
0.8561064,0.87178874,0.863876402,roberta-large_L17_no-idf_version=0.3.10(hug_trans=4.10.2)
0.879647672,0.872891128,0.876256347,roberta-large_L17_no-idf_version=0.3.10(hug_trans=4.10.2)
0.841988206,0.871664464,0.856569409,roberta-large_L17_no-idf_version=0.3.10(hug_trans=4.10.2)
0.885489643,0.871813059,0.878598094,roberta-large_L17_no-idf_version=0.3.10(hug_trans=4.10.2)
0.861099482,0.877449512,0.869197607,roberta-large_L17_no-idf_version=0.3.10(hug_trans=4.10.2)
0.900084257,0.871463835,0.88554287,roberta-large_L17_no-idf_version=0.3.10(hug_trans=4.10.2)
0.875761092,0.875864983,0.875813067,roberta-large_L17_no-idf_version=0.3.10(hug_trans=4.10.2)
0.825826824,0.844777822,0.835194826,roberta-large_L17_no-idf_version=0.3.10(hug_trans=4.10.2)
0.870463371,0.873044252,0.871751904,roberta-large_L17_no-idf_version=0.3.10(hug_trans=4.10.2)
0.891282558,0.878574193,0.884882808,roberta-large_L17_no-idf_version=0.3.10(hug_trans=4.10.2)
0.88201499,0.864404917,0.873121142,roberta-large_L17_no-idf_version=0.3.10(hug_trans=4.10.2)
0.88481915,0.869305372,0.876993656,roberta-large_L17_no-idf_version=0.3.10(hug_trans=4.10.2)
0.849306285,0.862632036,0.855917275,roberta-large_L17_no-idf_version=0.3.10(hug_trans=4.10.2)
0.87112689,0.87318325,0.872153878,roberta-large_L17_no-idf_version=0.3.10(hug_trans=4.10.2)
0.880382776,0.887785971,0.884068906,roberta-large_L17_no-idf_version=0.3.10(hug_trans=4.10.2)
0.894201696,0.86406666,0.878875971,roberta-large_L17_no-idf_version=0.3.10(hug_trans=4.10.2)
0.872902572,0.856884837,0.864819527,roberta-large_L17_no-idf_version=0.3.10(hug_trans=4.10.2)
0.892802477,0.849400282,0.870560765,roberta-large_L17_no-idf_version=0.3.10(hug_trans=4.10.2)
0.898702681,0.886511743,0.892565608,roberta-large_L17_no-idf_version=0.3.10(hug_trans=4.10.2)
0.862490237,0.880362391,0.871334672,roberta-large_L17_no-idf_version=0.3.10(hug_trans=4.10.2)
0.888455033,0.886325896,0.887389123,roberta-large_L17_no-idf_version=0.3.10(hug_trans=4.10.2)
0.897156239,0.86266762,0.87957406,roberta-large_L17_no-idf_version=0.3.10(hug_trans=4.10.2)
0.868996739,0.87189126,0.870441556,roberta-large_L17_no-idf_version=0.3.10(hug_trans=4.10.2)
0.876324534,0.855661094,0.865869582,roberta-large_L17_no-idf_version=0.3.10(hug_trans=4.10.2)
0.87973243,0.865323186,0.872468293,roberta-large_L17_no-idf_version=0.3.10(hug_trans=4.10.2)
0.877205253,0.862860799,0.869973898,roberta-large_L17_no-idf_version=0.3.10(hug_trans=4.10.2)
0.87568593,0.871935487,0.873806715,roberta-large_L17_no-idf_version=0.3.10(hug_trans=4.10.2)
0.898045719,0.879579425,0.888716638,roberta-large_L17_no-idf_version=0.3.10(hug_trans=4.10.2)
0.878463686,0.873659551,0.876055002,roberta-large_L17_no-idf_version=0.3.10(hug_trans=4.10.2)
0.864522636,0.869939029,0.867222369,roberta-large_L17_no-idf_version=0.3.10(hug_trans=4.10.2)
0.956082702,0.873940527,0.913168073,roberta-large_L17_no-idf_version=0.3.10(hug_trans=4.10.2)
0.852207899,0.85701108,0.854602754,roberta-large_L17_no-idf_version=0.3.10(hug_trans=4.10.2)
0.842175066,0.855620265,0.848844409,roberta-large_L17_no-idf_version=0.3.10(hug_trans=4.10.2)
0.847471297,0.850423932,0.848945022,roberta-large_L17_no-idf_version=0.3.10(hug_trans=4.10.2)
0.8620435,0.850732684,0.85635072,roberta-large_L17_no-idf_version=0.3.10(hug_trans=4.10.2)
0.850993991,0.863271236,0.857088625,roberta-large_L17_no-idf_version=0.3.10(hug_trans=4.10.2)
0.858239532,0.85716778,0.857703269,roberta-large_L17_no-idf_version=0.3.10(hug_trans=4.10.2)
0.917545199,0.861154795,0.888456106,roberta-large_L17_no-idf_version=0.3.10(hug_trans=4.10.2)
0.956082702,0.873940527,0.913168073,roberta-large_L17_no-idf_version=0.3.10(hug_trans=4.10.2)
0.873626113,0.850232124,0.861770391,roberta-large_L17_no-idf_version=0.3.10(hug_trans=4.10.2)
0.870272398,0.854081035,0.86210072,roberta-large_L17_no-idf_version=0.3.10(hug_trans=4.10.2)
0.868915737,0.849080384,0.85888356,roberta-large_L17_no-idf_version=0.3.10(hug_trans=4.10.2)
0.860719025,0.865019858,0.862864077,roberta-large_L17_no-idf_version=0.3.10(hug_trans=4.10.2)
0.861075997,0.843226314,0.852057695,roberta-large_L17_no-idf_version=0.3.10(hug_trans=4.10.2)
0.882275879,0.863552928,0.87281394,roberta-large_L17_no-idf_version=0.3.10(hug_trans=4.10.2)
0.836964965,0.837646604,0.837305665,roberta-large_L17_no-idf_version=0.3.10(hug_trans=4.10.2)
0.870253265,0.8339836,0.851732492,roberta-large_L17_no-idf_version=0.3.10(hug_trans=4.10.2)
0.85764277,0.84060055,0.849036098,roberta-large_L17_no-idf_version=0.3.10(hug_trans=4.10.2)
0.861821532,0.835808754,0.848615825,roberta-large_L17_no-idf_version=0.3.10(hug_trans=4.10.2)
0.860449374,0.861765325,0.861106873,roberta-large_L17_no-idf_version=0.3.10(hug_trans=4.10.2)
0.909671903,0.91120261,0.91043663,roberta-large_L17_no-idf_version=0.3.10(hug_trans=4.10.2)
0.978085697,0.926857173,0.951782644,roberta-large_L17_no-idf_version=0.3.10(hug_trans=4.10.2)
0.978085697,0.926857173,0.951782644,roberta-large_L17_no-idf_version=0.3.10(hug_trans=4.10.2)
0.852406859,0.873099089,0.862628877,roberta-large_L17_no-idf_version=0.3.10(hug_trans=4.10.2)
0.885035038,0.874185443,0.879576802,roberta-large_L17_no-idf_version=0.3.10(hug_trans=4.10.2)
0.881369948,0.894108891,0.887693703,roberta-large_L17_no-idf_version=0.3.10(hug_trans=4.10.2)
0.909997165,0.895778,0.902831614,roberta-large_L17_no-idf_version=0.3.10(hug_trans=4.10.2)
0.850393772,0.861747742,0.856033146,roberta-large_L17_no-idf_version=0.3.10(hug_trans=4.10.2)
0.888562322,0.875504911,0.881985366,roberta-large_L17_no-idf_version=0.3.10(hug_trans=4.10.2)
0.908602118,0.861853123,0.884610415,roberta-large_L17_no-idf_version=0.3.10(hug_trans=4.10.2)
0.865977585,0.868937254,0.867454946,roberta-large_L17_no-idf_version=0.3.10(hug_trans=4.10.2)
0.874879003,0.877478719,0.876176894,roberta-large_L17_no-idf_version=0.3.10(hug_trans=4.10.2)
0.874828994,0.856555283,0.865595698,roberta-large_L17_no-idf_version=0.3.10(hug_trans=4.10.2)
0.866411805,0.859382033,0.862882555,roberta-large_L17_no-idf_version=0.3.10(hug_trans=4.10.2)
0.908097208,0.882177591,0.894949734,roberta-large_L17_no-idf_version=0.3.10(hug_trans=4.10.2)
0.883116603,0.866324246,0.874639809,roberta-large_L17_no-idf_version=0.3.10(hug_trans=4.10.2)
0.862735331,0.852766156,0.857721746,roberta-large_L17_no-idf_version=0.3.10(hug_trans=4.10.2)
0.867810428,0.871166945,0.869485378,roberta-large_L17_no-idf_version=0.3.10(hug_trans=4.10.2)
0.87922591,0.854341507,0.866605103,roberta-large_L17_no-idf_version=0.3.10(hug_trans=4.10.2)
0.88379693,0.864519656,0.874052048,roberta-large_L17_no-idf_version=0.3.10(hug_trans=4.10.2)
0.886857927,0.860322773,0.873388886,roberta-large_L17_no-idf_version=0.3.10(hug_trans=4.10.2)
0.846430123,0.850574732,0.848497391,roberta-large_L17_no-idf_version=0.3.10(hug_trans=4.10.2)
0.858459115,0.856020331,0.857237995,roberta-large_L17_no-idf_version=0.3.10(hug_trans=4.10.2)
0.870478094,0.851291835,0.860778034,roberta-large_L17_no-idf_version=0.3.10(hug_trans=4.10.2)
0.850443482,0.834655523,0.842475533,roberta-large_L17_no-idf_version=0.3.10(hug_trans=4.10.2)
0.861536264,0.831992984,0.846506894,roberta-large_L17_no-idf_version=0.3.10(hug_trans=4.10.2)
0.840695977,0.839323401,0.840009153,roberta-large_L17_no-idf_version=0.3.10(hug_trans=4.10.2)
0.834446549,0.849627733,0.841968715,roberta-large_L17_no-idf_version=0.3.10(hug_trans=4.10.2)
0.845181942,0.852158248,0.84865576,roberta-large_L17_no-idf_version=0.3.10(hug_trans=4.10.2)
0.861696839,0.855970442,0.858824074,roberta-large_L17_no-idf_version=0.3.10(hug_trans=4.10.2)
0.862963438,0.848188043,0.855511963,roberta-large_L17_no-idf_version=0.3.10(hug_trans=4.10.2)
0.860797405,0.828285694,0.844228625,roberta-large_L17_no-idf_version=0.3.10(hug_trans=4.10.2)
0.864369512,0.840522945,0.852279484,roberta-large_L17_no-idf_version=0.3.10(hug_trans=4.10.2)
0.851129413,0.837061882,0.844037056,roberta-large_L17_no-idf_version=0.3.10(hug_trans=4.10.2)
0.855167091,0.837989748,0.846491337,roberta-large_L17_no-idf_version=0.3.10(hug_trans=4.10.2)
0.860568583,0.862178564,0.861372888,roberta-large_L17_no-idf_version=0.3.10(hug_trans=4.10.2)
0.882957697,0.884903789,0.88392967,roberta-large_L17_no-idf_version=0.3.10(hug_trans=4.10.2)
0.852487683,0.839844704,0.846118987,roberta-large_L17_no-idf_version=0.3.10(hug_trans=4.10.2)
0.878804445,0.853560567,0.865998566,roberta-large_L17_no-idf_version=0.3.10(hug_trans=4.10.2)
0.883651018,0.862925529,0.873165309,roberta-large_L17_no-idf_version=0.3.10(hug_trans=4.10.2)
0.864933848,0.849757373,0.857278466,roberta-large_L17_no-idf_version=0.3.10(hug_trans=4.10.2)
0.879293621,0.878691316,0.878992379,roberta-large_L17_no-idf_version=0.3.10(hug_trans=4.10.2)
0.941530883,0.887210488,0.913563967,roberta-large_L17_no-idf_version=0.3.10(hug_trans=4.10.2)
0.852050781,0.86004734,0.856030405,roberta-large_L17_no-idf_version=0.3.10(hug_trans=4.10.2)
0.864788949,0.845311642,0.854939342,roberta-large_L17_no-idf_version=0.3.10(hug_trans=4.10.2)
0.844778061,0.856683612,0.850689173,roberta-large_L17_no-idf_version=0.3.10(hug_trans=4.10.2)
0.846279502,0.841586709,0.843926549,roberta-large_L17_no-idf_version=0.3.10(hug_trans=4.10.2)
0.87716949,0.856150568,0.866532624,roberta-large_L17_no-idf_version=0.3.10(hug_trans=4.10.2)
0.892068386,0.867323756,0.879522085,roberta-large_L17_no-idf_version=0.3.10(hug_trans=4.10.2)
0.942507625,0.871117175,0.90540725,roberta-large_L17_no-idf_version=0.3.10(hug_trans=4.10.2)
0.882526278,0.878661871,0.880589843,roberta-large_L17_no-idf_version=0.3.10(hug_trans=4.10.2)
0.88594377,0.873527169,0.87969166,roberta-large_L17_no-idf_version=0.3.10(hug_trans=4.10.2)
0.876719832,0.859850168,0.868203104,roberta-large_L17_no-idf_version=0.3.10(hug_trans=4.10.2)
0.879648209,0.868202925,0.873888075,roberta-large_L17_no-idf_version=0.3.10(hug_trans=4.10.2)
0.859298706,0.859933674,0.859616101,roberta-large_L17_no-idf_version=0.3.10(hug_trans=4.10.2)
0.941530883,0.887210488,0.913563967,roberta-large_L17_no-idf_version=0.3.10(hug_trans=4.10.2)
0.870158494,0.872532785,0.87134403,roberta-large_L17_no-idf_version=0.3.10(hug_trans=4.10.2)
0.863867998,0.858275473,0.861062706,roberta-large_L17_no-idf_version=0.3.10(hug_trans=4.10.2)
0.880591273,0.877130628,0.878857553,roberta-large_L17_no-idf_version=0.3.10(hug_trans=4.10.2)
0.872088552,0.8688519,0.870467246,roberta-large_L17_no-idf_version=0.3.10(hug_trans=4.10.2)
0.881020665,0.872022629,0.87649858,roberta-large_L17_no-idf_version=0.3.10(hug_trans=4.10.2)
0.857856274,0.862435341,0.860139728,roberta-large_L17_no-idf_version=0.3.10(hug_trans=4.10.2)
0.893988609,0.874901414,0.884342015,roberta-large_L17_no-idf_version=0.3.10(hug_trans=4.10.2)
0.863622308,0.871584296,0.867585063,roberta-large_L17_no-idf_version=0.3.10(hug_trans=4.10.2)
0.887320518,0.876618862,0.881937265,roberta-large_L17_no-idf_version=0.3.10(hug_trans=4.10.2)
0.85041362,0.842672944,0.84652555,roberta-large_L17_no-idf_version=0.3.10(hug_trans=4.10.2)
0.899153233,0.875866175,0.887356937,roberta-large_L17_no-idf_version=0.3.10(hug_trans=4.10.2)
0.875476301,0.870190084,0.872825205,roberta-large_L17_no-idf_version=0.3.10(hug_trans=4.10.2)
0.935576081,0.865418792,0.899131,roberta-large_L17_no-idf_version=0.3.10(hug_trans=4.10.2)
0.878084481,0.863501012,0.870731652,roberta-large_L17_no-idf_version=0.3.10(hug_trans=4.10.2)
0.87754339,0.853360534,0.865283072,roberta-large_L17_no-idf_version=0.3.10(hug_trans=4.10.2)
0.894388855,0.878504932,0.886375725,roberta-large_L17_no-idf_version=0.3.10(hug_trans=4.10.2)
0.899470508,0.884560645,0.89195329,roberta-large_L17_no-idf_version=0.3.10(hug_trans=4.10.2)
0.887471795,0.871791124,0.879561603,roberta-large_L17_no-idf_version=0.3.10(hug_trans=4.10.2)
0.898850143,0.868088782,0.883201718,roberta-large_L17_no-idf_version=0.3.10(hug_trans=4.10.2)
0.869130135,0.853844464,0.861419559,roberta-large_L17_no-idf_version=0.3.10(hug_trans=4.10.2)
0.868329465,0.869752705,0.869040549,roberta-large_L17_no-idf_version=0.3.10(hug_trans=4.10.2)
0.929823518,0.881030858,0.904769778,roberta-large_L17_no-idf_version=0.3.10(hug_trans=4.10.2)
0.979341626,0.918764889,0.94808656,roberta-large_L17_no-idf_version=0.3.10(hug_trans=4.10.2)
0.825495183,0.8559255,0.840435028,roberta-large_L17_no-idf_version=0.3.10(hug_trans=4.10.2)
0.878102481,0.861091197,0.86951369,roberta-large_L17_no-idf_version=0.3.10(hug_trans=4.10.2)
0.870202005,0.87571317,0.872948885,roberta-large_L17_no-idf_version=0.3.10(hug_trans=4.10.2)
0.861771166,0.879345119,0.870469451,roberta-large_L17_no-idf_version=0.3.10(hug_trans=4.10.2)
0.867895424,0.855327725,0.861565709,roberta-large_L17_no-idf_version=0.3.10(hug_trans=4.10.2)
0.844209194,0.836401641,0.840287268,roberta-large_L17_no-idf_version=0.3.10(hug_trans=4.10.2)
0.861507416,0.86080277,0.861154974,roberta-large_L17_no-idf_version=0.3.10(hug_trans=4.10.2)
0.880006075,0.859971941,0.869873583,roberta-large_L17_no-idf_version=0.3.10(hug_trans=4.10.2)
0.851750016,0.84303081,0.847367942,roberta-large_L17_no-idf_version=0.3.10(hug_trans=4.10.2)
0.87204814,0.838351727,0.854867995,roberta-large_L17_no-idf_version=0.3.10(hug_trans=4.10.2)
0.857277632,0.866977572,0.862100303,roberta-large_L17_no-idf_version=0.3.10(hug_trans=4.10.2)
0.866488159,0.858574212,0.862513065,roberta-large_L17_no-idf_version=0.3.10(hug_trans=4.10.2)
0.877105594,0.867872119,0.872464418,roberta-large_L17_no-idf_version=0.3.10(hug_trans=4.10.2)
0.884805679,0.879277229,0.882032812,roberta-large_L17_no-idf_version=0.3.10(hug_trans=4.10.2)
0.89217329,0.855897069,0.873658776,roberta-large_L17_no-idf_version=0.3.10(hug_trans=4.10.2)
0.884305716,0.863849878,0.873958111,roberta-large_L17_no-idf_version=0.3.10(hug_trans=4.10.2)
0.888515949,0.8753829,0.881900549,roberta-large_L17_no-idf_version=0.3.10(hug_trans=4.10.2)
0.865320146,0.872386336,0.868838906,roberta-large_L17_no-idf_version=0.3.10(hug_trans=4.10.2)
0.85036391,0.876483142,0.863225996,roberta-large_L17_no-idf_version=0.3.10(hug_trans=4.10.2)
0.875570953,0.878329515,0.876948059,roberta-large_L17_no-idf_version=0.3.10(hug_trans=4.10.2)
0.869921803,0.873568416,0.871741295,roberta-large_L17_no-idf_version=0.3.10(hug_trans=4.10.2)
0.89053309,0.878684342,0.884568989,roberta-large_L17_no-idf_version=0.3.10(hug_trans=4.10.2)
0.880702674,0.878887773,0.8797943,roberta-large_L17_no-idf_version=0.3.10(hug_trans=4.10.2)
0.864082932,0.878579676,0.871270955,roberta-large_L17_no-idf_version=0.3.10(hug_trans=4.10.2)
0.901564717,0.900912404,0.901238441,roberta-large_L17_no-idf_version=0.3.10(hug_trans=4.10.2)
0.84862113,0.864746869,0.856608152,roberta-large_L17_no-idf_version=0.3.10(hug_trans=4.10.2)
0.864785373,0.880153,0.872401536,roberta-large_L17_no-idf_version=0.3.10(hug_trans=4.10.2)
0.879236102,0.880407691,0.879821539,roberta-large_L17_no-idf_version=0.3.10(hug_trans=4.10.2)
0.852676332,0.87042588,0.861459672,roberta-large_L17_no-idf_version=0.3.10(hug_trans=4.10.2)
0.922274768,0.88723886,0.904417634,roberta-large_L17_no-idf_version=0.3.10(hug_trans=4.10.2)
0.871293426,0.88241905,0.876820982,roberta-large_L17_no-idf_version=0.3.10(hug_trans=4.10.2)
0.865656495,0.881655812,0.8735829,roberta-large_L17_no-idf_version=0.3.10(hug_trans=4.10.2)
0.877844393,0.876321673,0.877082348,roberta-large_L17_no-idf_version=0.3.10(hug_trans=4.10.2)
0.855460465,0.876329482,0.865769207,roberta-large_L17_no-idf_version=0.3.10(hug_trans=4.10.2)
0.862296641,0.873218954,0.867723465,roberta-large_L17_no-idf_version=0.3.10(hug_trans=4.10.2)
0.869197488,0.876973867,0.873068333,roberta-large_L17_no-idf_version=0.3.10(hug_trans=4.10.2)
0.861443043,0.875732183,0.868528843,roberta-large_L17_no-idf_version=0.3.10(hug_trans=4.10.2)
0.793893933,0.874131262,0.832082748,roberta-large_L17_no-idf_version=0.3.10(hug_trans=4.10.2)
0.844782233,0.879145384,0.86162132,roberta-large_L17_no-idf_version=0.3.10(hug_trans=4.10.2)
0.865188062,0.876801014,0.870955825,roberta-large_L17_no-idf_version=0.3.10(hug_trans=4.10.2)
0.862484992,0.871620893,0.867028892,roberta-large_L17_no-idf_version=0.3.10(hug_trans=4.10.2)
0.876765013,0.883506358,0.880122781,roberta-large_L17_no-idf_version=0.3.10(hug_trans=4.10.2)
0.872640371,0.888073027,0.880289078,roberta-large_L17_no-idf_version=0.3.10(hug_trans=4.10.2)
0.870854735,0.876194358,0.873516381,roberta-large_L17_no-idf_version=0.3.10(hug_trans=4.10.2)
0.859294832,0.887614131,0.873224974,roberta-large_L17_no-idf_version=0.3.10(hug_trans=4.10.2)
0.871266484,0.881792426,0.876497865,roberta-large_L17_no-idf_version=0.3.10(hug_trans=4.10.2)
0.871528208,0.871853888,0.871690989,roberta-large_L17_no-idf_version=0.3.10(hug_trans=4.10.2)
0.874339402,0.891413927,0.882794142,roberta-large_L17_no-idf_version=0.3.10(hug_trans=4.10.2)
0.87513274,0.889861286,0.88243556,roberta-large_L17_no-idf_version=0.3.10(hug_trans=4.10.2)
0.892745733,0.887783825,0.890257895,roberta-large_L17_no-idf_version=0.3.10(hug_trans=4.10.2)
0.887166739,0.897030771,0.892071486,roberta-large_L17_no-idf_version=0.3.10(hug_trans=4.10.2)
0.893544316,0.88486582,0.889183879,roberta-large_L17_no-idf_version=0.3.10(hug_trans=4.10.2)
0.862833202,0.887790799,0.87513411,roberta-large_L17_no-idf_version=0.3.10(hug_trans=4.10.2)
0.860090613,0.89145261,0.875490785,roberta-large_L17_no-idf_version=0.3.10(hug_trans=4.10.2)
0.870099783,0.881198108,0.875613809,roberta-large_L17_no-idf_version=0.3.10(hug_trans=4.10.2)
0.876832008,0.882456422,0.879635215,roberta-large_L17_no-idf_version=0.3.10(hug_trans=4.10.2)
0.854055643,0.878557324,0.866133213,roberta-large_L17_no-idf_version=0.3.10(hug_trans=4.10.2)
0.928070903,0.901366532,0.91452378,roberta-large_L17_no-idf_version=0.3.10(hug_trans=4.10.2)
0.888364851,0.869014502,0.878583133,roberta-large_L17_no-idf_version=0.3.10(hug_trans=4.10.2)
0.888038754,0.871819854,0.87985456,roberta-large_L17_no-idf_version=0.3.10(hug_trans=4.10.2)
0.884092212,0.860678434,0.872228205,roberta-large_L17_no-idf_version=0.3.10(hug_trans=4.10.2)
0.86207068,0.869692922,0.865865052,roberta-large_L17_no-idf_version=0.3.10(hug_trans=4.10.2)
0.861199617,0.858623028,0.859909356,roberta-large_L17_no-idf_version=0.3.10(hug_trans=4.10.2)
0.888350308,0.880192876,0.884252727,roberta-large_L17_no-idf_version=0.3.10(hug_trans=4.10.2)
0.879572392,0.871947646,0.875743389,roberta-large_L17_no-idf_version=0.3.10(hug_trans=4.10.2)
0.89107275,0.877152324,0.88405776,roberta-large_L17_no-idf_version=0.3.10(hug_trans=4.10.2)
0.892160952,0.865842938,0.878804922,roberta-large_L17_no-idf_version=0.3.10(hug_trans=4.10.2)
0.893958449,0.875321984,0.884542048,roberta-large_L17_no-idf_version=0.3.10(hug_trans=4.10.2)
0.875458717,0.874116063,0.874786854,roberta-large_L17_no-idf_version=0.3.10(hug_trans=4.10.2)
0.863355458,0.850925922,0.857095718,roberta-large_L17_no-idf_version=0.3.10(hug_trans=4.10.2)
0.909076095,0.879053056,0.893812597,roberta-large_L17_no-idf_version=0.3.10(hug_trans=4.10.2)
0.892402709,0.887314022,0.889851093,roberta-large_L17_no-idf_version=0.3.10(hug_trans=4.10.2)
0.889033377,0.878396094,0.883682728,roberta-large_L17_no-idf_version=0.3.10(hug_trans=4.10.2)
0.876550555,0.874639571,0.87559402,roberta-large_L17_no-idf_version=0.3.10(hug_trans=4.10.2)
0.882787347,0.851338685,0.866777837,roberta-large_L17_no-idf_version=0.3.10(hug_trans=4.10.2)
0.884272158,0.870098829,0.877128303,roberta-large_L17_no-idf_version=0.3.10(hug_trans=4.10.2)
0.888600588,0.871860564,0.880151033,roberta-large_L17_no-idf_version=0.3.10(hug_trans=4.10.2)
0.762884259,0.852129698,0.805041134,roberta-large_L17_no-idf_version=0.3.10(hug_trans=4.10.2)
0.871759951,0.854986489,0.86329174,roberta-large_L17_no-idf_version=0.3.10(hug_trans=4.10.2)
0.870078623,0.856148541,0.863057375,roberta-large_L17_no-idf_version=0.3.10(hug_trans=4.10.2)
0.898132205,0.882577777,0.890287042,roberta-large_L17_no-idf_version=0.3.10(hug_trans=4.10.2)
0.885679841,0.881607533,0.883639038,roberta-large_L17_no-idf_version=0.3.10(hug_trans=4.10.2)
0.871657372,0.879773259,0.87569648,roberta-large_L17_no-idf_version=0.3.10(hug_trans=4.10.2)
0.82985872,0.848255336,0.838956237,roberta-large_L17_no-idf_version=0.3.10(hug_trans=4.10.2)
0.836895227,0.853038847,0.844889939,roberta-large_L17_no-idf_version=0.3.10(hug_trans=4.10.2)
0.871144533,0.882801175,0.876934171,roberta-large_L17_no-idf_version=0.3.10(hug_trans=4.10.2)
0.89449358,0.886962831,0.890712261,roberta-large_L17_no-idf_version=0.3.10(hug_trans=4.10.2)
0.860081553,0.877645552,0.868774772,roberta-large_L17_no-idf_version=0.3.10(hug_trans=4.10.2)
0.8952052,0.891608834,0.893403471,roberta-large_L17_no-idf_version=0.3.10(hug_trans=4.10.2)
0.921969414,0.891034365,0.90623796,roberta-large_L17_no-idf_version=0.3.10(hug_trans=4.10.2)
0.95656383,0.907268465,0.931264281,roberta-large_L17_no-idf_version=0.3.10(hug_trans=4.10.2)
0.88472122,0.856418729,0.87033993,roberta-large_L17_no-idf_version=0.3.10(hug_trans=4.10.2)
0.881556213,0.873146653,0.877331316,roberta-large_L17_no-idf_version=0.3.10(hug_trans=4.10.2)
0.895020187,0.886574328,0.89077723,roberta-large_L17_no-idf_version=0.3.10(hug_trans=4.10.2)
0.899678528,0.886571944,0.893077135,roberta-large_L17_no-idf_version=0.3.10(hug_trans=4.10.2)
0.891583145,0.895246327,0.893410981,roberta-large_L17_no-idf_version=0.3.10(hug_trans=4.10.2)
0.916601896,0.877891064,0.896828949,roberta-large_L17_no-idf_version=0.3.10(hug_trans=4.10.2)
0.84490186,0.845058382,0.844980121,roberta-large_L17_no-idf_version=0.3.10(hug_trans=4.10.2)
0.877801418,0.866456151,0.872091889,roberta-large_L17_no-idf_version=0.3.10(hug_trans=4.10.2)
0.858191133,0.848635018,0.853386283,roberta-large_L17_no-idf_version=0.3.10(hug_trans=4.10.2)
0.882339418,0.871233344,0.876751244,roberta-large_L17_no-idf_version=0.3.10(hug_trans=4.10.2)
0.880969763,0.865021825,0.872922957,roberta-large_L17_no-idf_version=0.3.10(hug_trans=4.10.2)
0.891313553,0.887069285,0.889186382,roberta-large_L17_no-idf_version=0.3.10(hug_trans=4.10.2)
0.86005348,0.865021348,0.862530291,roberta-large_L17_no-idf_version=0.3.10(hug_trans=4.10.2)
0.846507907,0.850319862,0.848409593,roberta-large_L17_no-idf_version=0.3.10(hug_trans=4.10.2)
0.857955813,0.85898459,0.858469903,roberta-large_L17_no-idf_version=0.3.10(hug_trans=4.10.2)
0.873134017,0.865576684,0.86933893,roberta-large_L17_no-idf_version=0.3.10(hug_trans=4.10.2)
0.890567303,0.861995697,0.876048625,roberta-large_L17_no-idf_version=0.3.10(hug_trans=4.10.2)
0.909452796,0.889576733,0.899404943,roberta-large_L17_no-idf_version=0.3.10(hug_trans=4.10.2)
0.890516996,0.866632104,0.878412247,roberta-large_L17_no-idf_version=0.3.10(hug_trans=4.10.2)
0.852570534,0.85334599,0.852958083,roberta-large_L17_no-idf_version=0.3.10(hug_trans=4.10.2)
0.853750646,0.866752982,0.86020267,roberta-large_L17_no-idf_version=0.3.10(hug_trans=4.10.2)
0.866510928,0.861852288,0.86417526,roberta-large_L17_no-idf_version=0.3.10(hug_trans=4.10.2)
0.861831248,0.863752127,0.862790644,roberta-large_L17_no-idf_version=0.3.10(hug_trans=4.10.2)
0.838009298,0.851324558,0.844614387,roberta-large_L17_no-idf_version=0.3.10(hug_trans=4.10.2)
0.877958059,0.877407551,0.877682745,roberta-large_L17_no-idf_version=0.3.10(hug_trans=4.10.2)
0.96920085,0.910920382,0.939157367,roberta-large_L17_no-idf_version=0.3.10(hug_trans=4.10.2)
0.868530273,0.852599084,0.860490918,roberta-large_L17_no-idf_version=0.3.10(hug_trans=4.10.2)
0.89518851,0.877508223,0.886260211,roberta-large_L17_no-idf_version=0.3.10(hug_trans=4.10.2)
0.883227766,0.887792289,0.885504186,roberta-large_L17_no-idf_version=0.3.10(hug_trans=4.10.2)
0.884392917,0.884494185,0.884443581,roberta-large_L17_no-idf_version=0.3.10(hug_trans=4.10.2)
0.904934883,0.87650013,0.890490532,roberta-large_L17_no-idf_version=0.3.10(hug_trans=4.10.2)
0.868169248,0.852596521,0.860312402,roberta-large_L17_no-idf_version=0.3.10(hug_trans=4.10.2)
0.878651619,0.854860544,0.866592824,roberta-large_L17_no-idf_version=0.3.10(hug_trans=4.10.2)
0.844000578,0.856020331,0.849967957,roberta-large_L17_no-idf_version=0.3.10(hug_trans=4.10.2)
0.859383523,0.853398085,0.856380284,roberta-large_L17_no-idf_version=0.3.10(hug_trans=4.10.2)
0.847831786,0.842199206,0.845006108,roberta-large_L17_no-idf_version=0.3.10(hug_trans=4.10.2)
0.848060489,0.853009522,0.850527823,roberta-large_L17_no-idf_version=0.3.10(hug_trans=4.10.2)
0.869055867,0.869371712,0.8692137,roberta-large_L17_no-idf_version=0.3.10(hug_trans=4.10.2)
0.869510293,0.861347616,0.865409732,roberta-large_L17_no-idf_version=0.3.10(hug_trans=4.10.2)
0.892505705,0.884631872,0.888551354,roberta-large_L17_no-idf_version=0.3.10(hug_trans=4.10.2)
0.874494791,0.869449198,0.871964693,roberta-large_L17_no-idf_version=0.3.10(hug_trans=4.10.2)
0.878256202,0.849351346,0.863561988,roberta-large_L17_no-idf_version=0.3.10(hug_trans=4.10.2)
0.848315775,0.848244011,0.848279893,roberta-large_L17_no-idf_version=0.3.10(hug_trans=4.10.2)
0.901069701,0.874438226,0.887554228,roberta-large_L17_no-idf_version=0.3.10(hug_trans=4.10.2)
0.89890945,0.887581468,0.893209577,roberta-large_L17_no-idf_version=0.3.10(hug_trans=4.10.2)
0.922006726,0.875752866,0.898284853,roberta-large_L17_no-idf_version=0.3.10(hug_trans=4.10.2)
0.837728918,0.863073766,0.850212514,roberta-large_L17_no-idf_version=0.3.10(hug_trans=4.10.2)
0.904759467,0.873252511,0.888726771,roberta-large_L17_no-idf_version=0.3.10(hug_trans=4.10.2)
0.975040436,0.889912903,0.930533826,roberta-large_L17_no-idf_version=0.3.10(hug_trans=4.10.2)
0.890509129,0.865455031,0.877803385,roberta-large_L17_no-idf_version=0.3.10(hug_trans=4.10.2)
0.851356506,0.871762276,0.861438572,roberta-large_L17_no-idf_version=0.3.10(hug_trans=4.10.2)
0.897206485,0.862585545,0.879555404,roberta-large_L17_no-idf_version=0.3.10(hug_trans=4.10.2)
0.849316955,0.866970181,0.85805279,roberta-large_L17_no-idf_version=0.3.10(hug_trans=4.10.2)
0.849049866,0.86845088,0.85864079,roberta-large_L17_no-idf_version=0.3.10(hug_trans=4.10.2)
0.888164461,0.891773164,0.889965177,roberta-large_L17_no-idf_version=0.3.10(hug_trans=4.10.2)
0.890390396,0.880895913,0.885617733,roberta-large_L17_no-idf_version=0.3.10(hug_trans=4.10.2)
0.870054603,0.88284421,0.876402736,roberta-large_L17_no-idf_version=0.3.10(hug_trans=4.10.2)
0.94654882,0.885917008,0.915229797,roberta-large_L17_no-idf_version=0.3.10(hug_trans=4.10.2)
0.879055917,0.883466184,0.881255507,roberta-large_L17_no-idf_version=0.3.10(hug_trans=4.10.2)
0.831244528,0.870023429,0.85019201,roberta-large_L17_no-idf_version=0.3.10(hug_trans=4.10.2)
0.820427358,0.85848546,0.839025021,roberta-large_L17_no-idf_version=0.3.10(hug_trans=4.10.2)
0.888796687,0.868249655,0.878403008,roberta-large_L17_no-idf_version=0.3.10(hug_trans=4.10.2)
0.852743983,0.867474735,0.860046327,roberta-large_L17_no-idf_version=0.3.10(hug_trans=4.10.2)
0.851985455,0.879134357,0.865346968,roberta-large_L17_no-idf_version=0.3.10(hug_trans=4.10.2)
0.881543815,0.883718133,0.882629693,roberta-large_L17_no-idf_version=0.3.10(hug_trans=4.10.2)
0.878602505,0.881626487,0.880111933,roberta-large_L17_no-idf_version=0.3.10(hug_trans=4.10.2)
0.890051007,0.880161524,0.885078669,roberta-large_L17_no-idf_version=0.3.10(hug_trans=4.10.2)
0.863581955,0.861545801,0.862562716,roberta-large_L17_no-idf_version=0.3.10(hug_trans=4.10.2)
0.872766197,0.864085555,0.86840421,roberta-large_L17_no-idf_version=0.3.10(hug_trans=4.10.2)
0.85411346,0.867013097,0.860514939,roberta-large_L17_no-idf_version=0.3.10(hug_trans=4.10.2)
0.868341506,0.848630905,0.858373106,roberta-large_L17_no-idf_version=0.3.10(hug_trans=4.10.2)
0.870458364,0.877399206,0.873915017,roberta-large_L17_no-idf_version=0.3.10(hug_trans=4.10.2)
0.873158336,0.879567444,0.876351178,roberta-large_L17_no-idf_version=0.3.10(hug_trans=4.10.2)
0.868108213,0.868791342,0.868449628,roberta-large_L17_no-idf_version=0.3.10(hug_trans=4.10.2)
0.86413765,0.875355482,0.869710386,roberta-large_L17_no-idf_version=0.3.10(hug_trans=4.10.2)
0.903098166,0.889774859,0.896387041,roberta-large_L17_no-idf_version=0.3.10(hug_trans=4.10.2)
0.878394008,0.86787349,0.873102069,roberta-large_L17_no-idf_version=0.3.10(hug_trans=4.10.2)
0.875654399,0.86889112,0.872259676,roberta-large_L17_no-idf_version=0.3.10(hug_trans=4.10.2)
0.885798037,0.88496244,0.88538003,roberta-large_L17_no-idf_version=0.3.10(hug_trans=4.10.2)
0.861730635,0.867641091,0.86467576,roberta-large_L17_no-idf_version=0.3.10(hug_trans=4.10.2)
0.846224725,0.86369282,0.854869545,roberta-large_L17_no-idf_version=0.3.10(hug_trans=4.10.2)
0.869242132,0.865865707,0.867550611,roberta-large_L17_no-idf_version=0.3.10(hug_trans=4.10.2)
0.863333762,0.887832522,0.875411689,roberta-large_L17_no-idf_version=0.3.10(hug_trans=4.10.2)
0.876567841,0.877193809,0.876880705,roberta-large_L17_no-idf_version=0.3.10(hug_trans=4.10.2)
0.8596977,0.859625876,0.859661758,roberta-large_L17_no-idf_version=0.3.10(hug_trans=4.10.2)
0.905894995,0.871541381,0.88838619,roberta-large_L17_no-idf_version=0.3.10(hug_trans=4.10.2)
0.903094947,0.902962208,0.903028548,roberta-large_L17_no-idf_version=0.3.10(hug_trans=4.10.2)
0.961764812,0.902233601,0.931048572,roberta-large_L17_no-idf_version=0.3.10(hug_trans=4.10.2)
0.938488245,0.9023,0.920038402,roberta-large_L17_no-idf_version=0.3.10(hug_trans=4.10.2)
0.937914193,0.906224608,0.921797097,roberta-large_L17_no-idf_version=0.3.10(hug_trans=4.10.2)
0.893136501,0.903852105,0.898462355,roberta-large_L17_no-idf_version=0.3.10(hug_trans=4.10.2)
0.92162472,0.883118987,0.901961029,roberta-large_L17_no-idf_version=0.3.10(hug_trans=4.10.2)
0.896126866,0.872360528,0.884083986,roberta-large_L17_no-idf_version=0.3.10(hug_trans=4.10.2)
0.915487409,0.87693727,0.895797789,roberta-large_L17_no-idf_version=0.3.10(hug_trans=4.10.2)
0.910695434,0.855145931,0.882046938,roberta-large_L17_no-idf_version=0.3.10(hug_trans=4.10.2)
0.909926116,0.879829407,0.89462465,roberta-large_L17_no-idf_version=0.3.10(hug_trans=4.10.2)
0.888603985,0.863201201,0.875718415,roberta-large_L17_no-idf_version=0.3.10(hug_trans=4.10.2)
0.889807582,0.849589407,0.869233489,roberta-large_L17_no-idf_version=0.3.10(hug_trans=4.10.2)
0.878587306,0.860530138,0.869465053,roberta-large_L17_no-idf_version=0.3.10(hug_trans=4.10.2)
0.940396249,0.86684072,0.902121603,roberta-large_L17_no-idf_version=0.3.10(hug_trans=4.10.2)
0.904534638,0.897428274,0.900967479,roberta-large_L17_no-idf_version=0.3.10(hug_trans=4.10.2)
0.883554637,0.886177123,0.884863973,roberta-large_L17_no-idf_version=0.3.10(hug_trans=4.10.2)
0.8925336,0.872691393,0.882501006,roberta-large_L17_no-idf_version=0.3.10(hug_trans=4.10.2)
0.941766083,0.908998191,0.925092041,roberta-large_L17_no-idf_version=0.3.10(hug_trans=4.10.2)
0.938124299,0.890220642,0.913544893,roberta-large_L17_no-idf_version=0.3.10(hug_trans=4.10.2)
0.870717704,0.880824149,0.87574178,roberta-large_L17_no-idf_version=0.3.10(hug_trans=4.10.2)
0.897911727,0.894025326,0.895964265,roberta-large_L17_no-idf_version=0.3.10(hug_trans=4.10.2)
0.862281561,0.853760958,0.8580001,roberta-large_L17_no-idf_version=0.3.10(hug_trans=4.10.2)
0.867536962,0.872693717,0.87010771,roberta-large_L17_no-idf_version=0.3.10(hug_trans=4.10.2)
0.862108409,0.858332753,0.860216439,roberta-large_L17_no-idf_version=0.3.10(hug_trans=4.10.2)
0.881772101,0.87999028,0.880880237,roberta-large_L17_no-idf_version=0.3.10(hug_trans=4.10.2)
0.864408612,0.866759717,0.865582585,roberta-large_L17_no-idf_version=0.3.10(hug_trans=4.10.2)
0.868937433,0.860219598,0.864556551,roberta-large_L17_no-idf_version=0.3.10(hug_trans=4.10.2)
0.901657462,0.898357809,0.900004625,roberta-large_L17_no-idf_version=0.3.10(hug_trans=4.10.2)
0.882462502,0.863301694,0.872776866,roberta-large_L17_no-idf_version=0.3.10(hug_trans=4.10.2)
0.88434732,0.879164696,0.881748378,roberta-large_L17_no-idf_version=0.3.10(hug_trans=4.10.2)
0.896191537,0.843635261,0.869119585,roberta-large_L17_no-idf_version=0.3.10(hug_trans=4.10.2)
0.866839826,0.862371266,0.864599764,roberta-large_L17_no-idf_version=0.3.10(hug_trans=4.10.2)
0.880476415,0.880253792,0.880365074,roberta-large_L17_no-idf_version=0.3.10(hug_trans=4.10.2)
0.847486019,0.868763983,0.857993126,roberta-large_L17_no-idf_version=0.3.10(hug_trans=4.10.2)
0.877645552,0.861650348,0.869574428,roberta-large_L17_no-idf_version=0.3.10(hug_trans=4.10.2)
0.88435185,0.892419219,0.888367236,roberta-large_L17_no-idf_version=0.3.10(hug_trans=4.10.2)
0.869873464,0.867218554,0.868543983,roberta-large_L17_no-idf_version=0.3.10(hug_trans=4.10.2)
0.878181875,0.873660505,0.875915349,roberta-large_L17_no-idf_version=0.3.10(hug_trans=4.10.2)
0.876783729,0.876565337,0.876674473,roberta-large_L17_no-idf_version=0.3.10(hug_trans=4.10.2)
0.878198385,0.870506763,0.874335647,roberta-large_L17_no-idf_version=0.3.10(hug_trans=4.10.2)
0.913154006,0.881382227,0.896986842,roberta-large_L17_no-idf_version=0.3.10(hug_trans=4.10.2)
0.879725397,0.879875779,0.879800558,roberta-large_L17_no-idf_version=0.3.10(hug_trans=4.10.2)
0.882436216,0.876840889,0.879629672,roberta-large_L17_no-idf_version=0.3.10(hug_trans=4.10.2)
0.901466012,0.891697049,0.896554887,roberta-large_L17_no-idf_version=0.3.10(hug_trans=4.10.2)
0.873333812,0.873898208,0.87361598,roberta-large_L17_no-idf_version=0.3.10(hug_trans=4.10.2)
0.865765274,0.872329593,0.869035065,roberta-large_L17_no-idf_version=0.3.10(hug_trans=4.10.2)
0.880004764,0.863498747,0.871673584,roberta-large_L17_no-idf_version=0.3.10(hug_trans=4.10.2)
0.890295923,0.875465631,0.88281846,roberta-large_L17_no-idf_version=0.3.10(hug_trans=4.10.2)
0.893224299,0.883507431,0.888339341,roberta-large_L17_no-idf_version=0.3.10(hug_trans=4.10.2)
0.875909805,0.872604847,0.874254167,roberta-large_L17_no-idf_version=0.3.10(hug_trans=4.10.2)
0.881729603,0.884129405,0.882927895,roberta-large_L17_no-idf_version=0.3.10(hug_trans=4.10.2)
0.885086298,0.864279509,0.874559164,roberta-large_L17_no-idf_version=0.3.10(hug_trans=4.10.2)
0.871545553,0.868748546,0.870144784,roberta-large_L17_no-idf_version=0.3.10(hug_trans=4.10.2)
0.889733195,0.870886803,0.880209148,roberta-large_L17_no-idf_version=0.3.10(hug_trans=4.10.2)
0.864723861,0.864576042,0.864649892,roberta-large_L17_no-idf_version=0.3.10(hug_trans=4.10.2)
0.917184353,0.86479342,0.890218735,roberta-large_L17_no-idf_version=0.3.10(hug_trans=4.10.2)
0.969109416,0.897934437,0.932165265,roberta-large_L17_no-idf_version=0.3.10(hug_trans=4.10.2)
0.879394388,0.869128885,0.874094221,